InputNodes: 64
HiddenLayers: 64,32
OutputNodes: 1
# Layer 0 Weights
-15.581779038914794,1.0809403626203762,4.508613670028598,-9.167602857878475,-4.41694417520757,-3.528659721843356,-10.771112066408248,-4.245937111682445,1.1680343438480871,-0.46922633276732817,1.0898410473355435,-4.7155197928369885,4.285829449247948,-3.2624146453053893,0.5039627188659035,3.9355647949499106,-0.2947440781618341,-1.7772604124755182,3.6799191065500105,-2.0545180536709284,1.4507828538789742,-0.36940483902965127,2.766581975057588,5.6200390376640925,-4.321691291609982,-1.9987088009034253,-2.462645721928733,0.10297632756673938,-3.856338768893785,-9.131695932411557,-5.540160803366544,-0.8623405341352307,-3.636159626284158,-5.092569609054831,0.98475284166858,-1.4342669160415185,-4.989865192124112,-6.082189352053994,-6.7132357497399475,-1.7201470620353971,-1.4718502289578481,-0.3021046472963,4.227561469461405,-6.946838979104392,0.5607393996578341,1.2870059378267364,-10.6033472483841,-7.8164004851865085,-3.68500731308301,7.686686647553602,-2.910667939890117,3.276616571545213,9.470858873988663,-2.3599990990104254,-1.2574553683114273,-0.6106492049998121,1.6660068418236762,-5.89163609308671,-4.8677653387275,-1.8026287940128913,0.8590199444310122,15.777690878764185,7.6641628818079806,13.398735626313497
17.361858177743944,4.911381535688504,-11.222797428168985,0.41484158820720074,2.4001437991914134,-5.230858463007724,-3.870062814999843,-3.1475943744303914,-3.271057289764802,-6.721149543931972,-7.955251103792074,-2.9579305713047037,-2.527440123627605,-9.356772917712762,-5.932681168622799,-3.9687321095112864,-0.25230710045744387,-2.8526261199630207,-5.707053301378139,0.021235846614359805,-4.697709732199629,-4.311243581030307,-0.38570592822286875,-0.8766125897578653,-2.34345290684322,-2.199502176250414,-2.8830346083317266,-3.7446406301080937,-2.6494342596815303,-4.291790768793886,-2.569243195606897,0.8281019311000932,4.890281916770002,1.9227101629899164,2.484968439844629,0.3795438643073896,-0.14999561433243927,-4.411417317679548,1.9857704944457792,-2.276011548726496,-0.6317634129797616,4.005220144352283,-0.23977948166243665,-1.0927033515337916,3.193812007802738,2.2837710784293277,3.1266132787305945,-3.2696977911824,4.192357787526834,1.7283223040187485,-0.3863307288142317,2.2278728325032486,4.126311871464724,6.577562374943457,-0.5951718359795811,-1.6214375326657293,-4.686166467045672,3.2893383838840093,-1.475395939795699,-0.14011684917527475,1.0608135359141702,1.127055943608966,-0.9712643489173014,8.480304625591796
-1.61031277299018,-1.6756266355169056,-6.984919302393573,-5.735568762007587,-4.9189880939526605,-7.374122275803346,13.1916386842861,-11.073383427297802,-3.88158916071086,-14.895119941291506,-3.1578085611725175,-3.7103382200806614,-2.4590596241556812,1.1500273392230262,3.229533641849347,0.05309031866128558,-6.511747533689357,6.632438947088272,-3.9113795310223196,5.815586531233593,-3.6428267529608536,-0.43317486957286694,1.6312649871121263,-2.860207819624507,-2.1130682604378226,-1.6208576807201294,2.458533825649953,-6.634029376198469,-3.153321745903764,-4.874366227767604,-0.8508183818542425,-2.418106854840158,-0.4577586868047979,-4.892535556611404,-0.4245667838812324,1.962157317688412,1.296564009163967,-15.89220941690164,0.15697449299995433,-4.794578598229648,-0.7862269861294464,12.34896386110415,-2.6105741932796707,9.851844518355831,15.308917324623083,6.610060818911868,10.048136761040716,-3.642508987440715,-5.54395917868259,14.093996519082461,18.82397010266374,1.0493244997877593,3.526474095418547,12.427694785613333,3.58150244736255,-2.0259176543118853,5.142079650300131,-2.3266937527100646,15.668193327376711,-6.2645167546717895,-0.26307904047103364,-0.23746795813102625,10.263659826946007,-1.367245416742457
-0.3067398820149465,-4.614199809930324,2.551783047202189,-6.710966704541845,2.9167878636456566,-5.190816911068883,-13.22904554115916,-11.117752292647186,1.072269776830824,-7.219931009978053,-2.4509407666762044,-0.7005961004585256,-11.286697276837021,-18.123865800618926,-4.3160193826194755,-7.983571765955351,4.082224639236255,0.21412603668977662,-4.064547202170748,-2.1539401637987647,-18.7525792743824,-2.5380869797597625,-2.008596507458273,-10.848804305215026,4.511921658762876,-6.349219861058808,-9.353573140927361,-0.5017826654710734,-7.321525659577964,-7.566003856178933,-0.49628416827815003,-2.300510799258235,1.207999807541132,3.5544989975491257,-3.7986884721381067,-8.040717597287122,-8.233839509701276,-0.43462511691566197,-5.979422832273316,5.370499392925972,23.022274438204125,2.996535360815773,-2.8329209248279397,-12.985673652581644,-8.102837430156661,5.315728922485255,8.032909672534062,-0.2483445911465885,-2.2695991168218397,8.042276258227057,9.85139758296177,4.860189206332944,6.431186765011161,8.550827438206973,13.563599536318831,12.466123641525046,-10.185703562848106,-3.585186741562853,-1.3752782859533843,-1.3857560269050886,-0.14720737109987111,0.3429033963674937,2.2983410365632335,11.483553341530422
9.76609733503741,3.711470806220622,-7.936429031047225,7.249938949707425,-4.2377402003653994,-7.654595844474209,-6.8373830327063265,3.995762920078053,5.460847707571876,-5.613488825991496,1.0205562867884612,5.166180980497352,1.4888036632820456,-10.20933638494407,-8.251782900512968,-9.876242233419767,7.21677115937692,27.054384448704557,0.2562019749964688,4.98735916361964,-5.662292584256551,-2.0289792079582596,0.22837695306369749,-29.820713293885166,0.7521412935383941,-6.8015831623819025,-6.536891759456803,-1.2250987012430448,-10.66542079785555,-4.278564330247362,5.148228445310123,-7.413544502635458,7.288133526997082,-1.2285132025275753,-3.5830722222686244,-2.9456423221182355,-1.9755617832606023,2.424275312198912,7.554236873878456,0.2358135660854179,12.222170798324708,1.920219572911891,0.3933547056014699,-4.730946534410759,1.4321834501603108,-8.087954521952954,21.813562571048564,6.681484363808274,2.6263863271256884,3.178438493928916,6.617931742373221,-2.775925483636175,8.10014772412148,7.984929822129968,9.804967195509537,10.733499279230726,-23.429055628490552,-2.0325519706960358,-18.296614822687957,-11.85865529404007,-8.65049640073718,-3.424841688057269,-6.28793820438028,10.42808461809346
-7.55468162815905,-0.33124730295050203,-6.406260372001993,3.518572174600266,9.883825433924333,-0.027907320848905043,-8.741373087995646,-5.959171188962811,-1.761710399961717,-21.4351539653687,-4.335979818955142,-5.402693414240087,-10.55959783635372,-10.068841169355347,-9.757800189089535,-0.9905528236354921,-10.626147439605015,-6.6573754232658535,-13.925197870555872,-9.185435533637214,-4.771738926658688,-4.0385796800282305,-11.526907284252804,-10.808647991142317,-10.71352821136518,-11.669666217824187,-14.31039608644349,-9.359633460179523,-8.556476696856498,-5.0126227675851665,-15.156141773534475,-1.5189324546934198,-8.276440659861972,-15.510920575403055,-15.110635721152365,-14.232426652371496,-9.57869217417931,-7.150770506166059,-8.451330641664626,-4.192157413046744,-1.841400283047758,-5.656199849188835,-10.834997521687221,-4.987317257525283,-6.6131498940435085,-13.231549645109062,1.767753890469218,-2.236010144611122,-5.501706592291609,-2.841038535630013,0.13278593073169817,-2.6211632467898154,1.0187216165777895,-1.1116850952126587,3.7270255341096035,0.4724483635927813,-15.274831292332076,-14.49848421634083,-8.939902181111862,-27.130354703916076,-8.551509994547624,2.434628538198828,2.607615599885006,-4.656460678404401
-1.143062081768604,-3.3799486429233077,2.2650266318530052,20.228855841599124,-5.095066783072947,-5.4008802668818525,-3.1730366592828148,11.723280499911327,0.9529762633073826,-6.381951140361649,-8.545158762956996,11.839893726260591,4.737698988914351,8.981019042721137,15.477422283073762,3.8975791224700176,-7.199517319905188,3.5661732113325946,-4.844161812176564,9.16866163921016,4.44488387319186,3.5626043181041305,-6.390114062617611,6.020546972185799,-2.063405233707714,10.323938768123325,4.605777087206136,7.295649495029963,6.002063543781434,8.461483074382027,6.385667016641718,14.89210886986239,3.2206269635608202,-0.8546608741191101,12.9116413795245,5.4144769298185675,5.85390676040851,1.9531465521716203,2.794120339115915,-2.937986894818379,3.5657402391144473,0.5202617289813373,-6.80515487057429,7.456783462464236,-12.34623879564229,-13.46953312731972,20.599500220684867,-0.37352961682224667,4.448695546959469,-0.006617028960711526,5.723700383607368,7.712149614484347,-2.7086176221583838,7.8568399056712,28.44916179264333,14.014393476955513,-1.5486727914147336,10.126564744907727,4.340499630718312,-6.801470066883743,-20.323304248533685,7.663246217741406,42.91766556697587,-44.28797700409819
6.47714169546317,-1.0510583533662612,5.523553226046889,4.154927834067765,3.396153422337521,-1.8929892219414113,8.343218115695088,-1.1223367185209343,2.825217104994543,5.447633801349879,3.728078582005255,3.2930302174589765,0.5713876103466893,1.5251749231777032,-1.089442293333528,-6.340466349337552,1.194193315892585,4.323512275340007,4.175295430317762,5.834553676526758,6.744083961225583,4.778837063813295,-0.5835850409174796,-6.350383987914717,3.2921318652744898,4.054599435208198,6.066143711819102,2.1399907788867667,4.1080047548587695,1.6793000573056434,-0.8495804899890651,-0.6614592379464659,3.2373666011300966,6.896256372481861,5.653782469674763,7.389595982388322,3.9629979705497216,4.1348941879746315,6.82026486506915,6.269746472111716,1.1739981356537015,2.5839627385754476,-2.420321461934137,2.589012654473944,-0.17309702339341573,-1.393031472736754,8.610341393779924,7.370633076765117,1.0481566130676605,-0.5072785118283035,-2.2127655474728845,1.6747180542740048,0.48295305832288876,2.7015252643241765,2.0300511280889353,3.219337691129367,-3.587542874755724,-0.5127011642672987,-11.54712910556927,-13.361981398206172,-6.078182333947222,-8.362256430012799,3.0775701748058704,2.1024553531169525
-2.1099202398722756,-5.238037857157885,1.294289981639968,-1.4637048494749716,-3.176221930867841,-2.2287270808788655,-3.9572036115333398,-2.4751110726064622,-3.9284641551301553,1.3031187567598526,-2.141147873240139,-5.649743690118592,-1.3005532715545152,-5.938700100161132,-4.528374629744598,-3.492033074991956,0.045830162794651234,2.242207566491565,4.942161146293398,-1.5439789932063166,-3.6135637134310343,1.8877810083555493,-3.0732773390311974,1.476659899116475,0.4848193239400188,0.34583351104837595,1.8605717896520482,2.7946015277431013,2.6277185052389345,0.35745960777726193,0.9690719760624688,0.6779366148673522,3.1780859578274923,1.9432169653067501,2.480375173385339,2.3218851224702726,8.281130047020099,2.6229341190012296,5.274944631710005,1.0980830096950571,3.891177523420693,4.253862216227233,0.5923587094442271,3.1955014177872676,4.480339673522904,4.304780316441094,1.5089472441850897,3.9941157515186294,1.575050178238111,3.5283092093348545,0.4192927453265478,0.02099598885771787,4.25893521508048,6.7983391755931875,4.839362651533293,5.8916551023809545,-0.3352719932169355,-1.3536600787537234,-0.8702474509775441,2.845033350280709,1.3668230456533061,0.8310398811307609,7.506241241201793,6.467218733882721
1.0340690377368449,-1.1089561409261877,0.14774237385089511,-16.07933439231004,-0.14837399107311927,-7.345535594035307,-8.528559838816228,-10.968294229463115,2.150731564347618,-9.22418729721723,-7.209117674352438,0.1384017299241945,-23.97851464053648,11.17491639999076,-4.947797895792817,-0.6489842990459197,-7.971042565678717,-22.439999040642444,-15.974880368784458,-53.782943454350864,-20.288045978540364,-22.387010008537057,-8.706733311550456,-11.836326796516646,-7.2570547618281696,-7.07438956000318,-11.003542512462925,-17.885194515428612,-5.804299717937424,-9.723386691627603,-6.404738676170962,-5.397889772638737,-17.183683530234937,-12.554028690440141,-13.099181278166373,-9.994515574447648,-22.157260951599117,-10.978921007813758,-13.64113324666737,-13.827604723295137,-3.6785534926672407,-11.072787626200578,10.966060656572266,-12.193084825717081,-8.561795761675548,-7.203603000289726,-12.07808616353712,-3.7072197899698867,-10.484625810292911,-10.233651779587698,-3.642277511636857,-0.4607576652087852,-1.9374732703044366,-10.115555742071537,-5.079413483384886,-4.336451150135583,4.26465172128112,-2.779002764830281,-9.737303162136465,2.2955102804575462,5.942838205041878,4.055985945436382,-3.1994811653570974,2.141148865784936
-10.325415935255796,0.8429533398462341,1.435385530929708,-12.780969661553094,-14.785349196328756,-13.429073512830675,3.27864068310269,13.684774943940427,-35.49190182265396,-12.648358083147993,-9.280296457406877,-12.8352430006131,-0.9620299487247511,0.634003135797884,-13.670417228188965,3.2849545829966096,-11.778097378766565,-24.976913209786964,-9.793077853613076,-12.396192269077616,-9.579054675244704,-13.987762843247296,-5.753544760504845,4.913051195648341,-32.066449886712164,-37.2406446705458,-24.322329167809293,-16.68591097364174,-10.322411527125691,-15.737140495632493,-4.832279768018299,-2.6249683259829206,-13.206059052042075,-9.403905978149677,-12.69872888901984,-14.490752007467467,-9.230310148359038,-8.56797372563808,-17.003925627698358,-13.739601112428254,-7.47993459164102,-2.215232635283865,4.935340469956089,-7.788543646666949,-2.5309896493373807,-2.888487701872352,-11.884998897396509,-9.703688167672057,-6.280805871221788,-14.029533849567418,-5.177817889787696,10.327798212969364,-5.959863727756819,4.469723694590878,-5.132259766388609,13.063384993414376,-1.676550700232416,-11.777610093336326,-1.2273344636933212,4.425687005763757,4.791171168878186,14.513596902077166,-2.54611086799351,12.742176254514511
-4.681063649897384,2.094868604427107,-12.183364188410094,-0.5281445376919343,-4.90472105636872,-11.951179559194935,0.6050540282612972,6.4790286967563935,-5.608415624887389,-3.158710819192505,-1.443244826081823,-11.580267598597333,3.221470230262842,-4.708906700886457,-8.45155071055641,3.021319787356846,-0.18541942893632046,-3.653512486677111,1.6966493684650965,4.225931788032634,-2.0967482327912528,0.24195779851213592,-0.7807646770017098,-6.383167169256434,-4.464410727222671,0.5491422950162259,3.137613337283437,2.186625234770632,3.590516122727479,-2.4789522288750914,8.72192145327114,3.0196568347547967,2.9278846695739387,-2.8387487698169265,7.209486875864491,6.097762328638611,5.620657502213225,-6.325499137356111,4.373001534876375,3.0358371701776927,5.600419067847931,2.8984352008947734,4.49276354704289,11.67927677864547,8.543230253283442,5.785688518873525,1.0591236559428023,4.866980086622346,6.760871235504693,14.94237478379216,6.901309609291666,3.3300855026371,8.076836723460104,-2.490269370877512,13.914770567894704,-0.6931569411779668,12.100939695809666,-3.708635397262982,-2.083043464253056,-5.4024655536568895,-0.47959126282002723,1.9443274943363695,16.722299854508737,0.9778397670890531
3.8971650709642875,-6.499612050163393,4.825457520364146,2.405276078139875,2.9268786993914366,0.5941567638036593,15.954553807204029,6.777296860961025,4.657950548029721,11.609402873450401,5.7511637814242444,1.400465593212772,0.35168394012261317,9.025684060972054,2.1903875079632305,-4.840224835768695,3.7347180815237255,2.5464057191590532,3.786465777146857,-1.5719309990253678,-1.350067295305293,4.883756996857357,-2.0308372021777243,0.9299996069146865,-0.28400184558299335,2.921815910165916,8.091181135536592,-0.5206667076965293,-1.609073945911176,-0.6937796630792263,7.601487837455383,0.8658834178134978,2.3389207229205415,3.0128274703301914,7.844089559217038,5.2042913737634695,4.247013216499179,4.6444431695167845,5.534796470340615,-0.4441021571953073,0.5949331180593461,5.8959744259562745,-0.7928651993845499,3.371506505948255,13.840405424819684,3.1068765536619365,4.270995832265104,3.50454227359645,2.0199056742105226,4.311734614194532,18.043063446116474,-1.7425943667900243,-14.834027223287807,-0.8316889811069345,-6.150147914858109,1.1980380824188694,3.6200531757964067,-3.551117886948188,6.532865766860146,-10.354257765073795,10.315740938378129,-19.293097460872985,-14.363632010593218,-5.818741059599034
12.188045542610423,-2.487733705501921,-1.2554665830775418,7.302001590742054,10.618436972887329,2.391440542218292,-12.759900402890791,-5.68118683730083,3.2010918390827574,-8.913405601802172,2.663171232954653,-9.099324580606797,-8.576414709394387,-6.092682824433178,-1.3835416379547425,-1.604446845962124,-2.2723365331332994,2.3247141767173414,-3.2093202131823855,-1.9963905848352441,-11.019689977122315,2.3465333228810703,3.4316342663748935,2.060638864873339,-2.627114796974032,-3.2910389628609527,-8.307790030094552,-11.526058138620343,-11.578657487334373,-15.334050088487007,-24.772451228000676,2.280154890076419,-8.029738733513765,-7.877384495604579,-7.585367910038023,-7.027623546669855,-14.578259555814245,-8.065195951448137,-2.002564873328766,-3.040674571011621,5.161919508498894,-6.140846468933963,-8.479959642794347,-3.577786007709517,-7.430116544799951,-14.372301716492084,0.3073265694387068,-3.627637078774277,-5.783001443008039,-7.6369181487389035,-0.7680380460569076,-4.441973154493695,-5.221362715087964,-1.881858957560936,6.746441218673808,0.36414491093232687,-10.069858582017066,9.985630027905357,-14.517191358409992,-12.83480704347833,-1.426311795305403,-0.1437891427259861,-7.508065303234914,-0.46428610188971836
-1.107019082426904,-0.654125631942585,-0.32293417555888965,-0.5829177327365881,-2.9552423452075587,-2.408635023711493,-9.747726821723464,-9.333185924613119,-2.4032771237146457,-7.815672496228928,-10.621626036894293,-7.514898684274321,-7.635009142733956,-1.835988397470362,-1.3086749022806665,2.1907902545923053,-3.7311505613547475,-25.11949838024519,-10.344759492682948,-17.535434586932418,-9.898831217344197,-21.59146294009283,-2.23810123420275,-0.29408380584562077,-12.650471845186054,-3.720464529504119,-2.289982548471999,-10.463028980403914,-5.734873049230531,-2.0384281948626053,1.595463441084529,0.8810922604010963,-0.9481375501400785,-2.116940457579758,-9.714245492476154,-4.2380279209802785,-5.986466115288698,-5.068851653416977,-2.325211792770926,-2.1200133370151635,-6.197355146293054,-4.1055375682455795,2.199132042176646,-4.2061480054340805,-1.8804686828800246,-2.8372457900009933,-0.5322970088662423,-1.9628523363985848,-6.125118865840943,-1.916570364256479,1.0747819665060385,-1.5455455942126934,-5.675264370319496,-3.2680845702446817,-2.3742946242465446,-1.855029691956396,-5.361703966273424,-6.2936956518177185,1.481390664641601,2.169242308776318,5.292831714581232,0.9987641236192613,-1.883585892269142,-4.589773163666673
-0.36264178296276417,2.600269360936465,-3.7494982482231545,-10.853510389212468,3.6653786586119153,-1.0473614834006053,-3.192801400435232,-4.322192738283708,0.476418402045927,2.358140407876546,-5.908127186839575,-1.2334931348415652,-4.48140813501405,-11.587389700262717,-4.501251931996094,-6.239529451850385,-4.644312755311472,-7.119874075912143,-1.1105468200639577,-3.9091219669784203,-8.881634408937165,-4.754103437905123,-8.058469392754965,-0.4384002793051044,5.2653023917361415,-1.099108227341426,-3.070438568592013,-1.4346014714001254,-11.906572384618661,-4.895021264167626,-5.7843602092157,-4.721041963690939,-1.954024522429275,-1.234123821954052,-9.55706208881535,-1.7171830839467688,-4.3029675470037585,-2.7757771934827047,-3.2328867325114374,-5.132854034372675,-2.788853170687837,-5.499157340959186,1.3839768438753146,-3.126218809591912,-4.651624632857253,1.5963881523818066,-3.1495945383752777,-2.9972801032840537,-2.648437123936177,-2.967361840606779,-1.5709554051939958,0.3415419389205417,-4.055962645097263,2.794729298839641,-2.0303069376171266,0.061726404818538944,0.42907085748013907,2.9011997454465006,-4.667018559734037,-1.5333568463471265,2.066159421162704,1.817389868811706,3.0560530454090267,-1.5447076522164531
-15.051547731413882,-11.36323953691956,-3.9298915346084806,-22.488822939628047,-6.616375761700311,-8.980245954428112,-10.070370137334585,-3.252104421746647,-5.444632790249021,-2.717953554159202,-10.45782111460953,-30.245674783251214,-10.922448924982364,-10.21275140719974,-13.099517607395253,-15.028797636823406,2.607757316174822,-3.7645462592445913,0.013191948589835852,-2.788827017618764,-9.368995773149079,-12.202528381894309,-10.98199359327813,-11.357036366104097,36.57247093071879,-13.538318538323294,3.02567575377761,-2.7557961233408514,-23.903989129770338,-14.720174385928374,-15.784613507411466,-10.140708238496334,-3.3417138002008975,-5.168236838353698,-2.8248907392504528,-3.274466767656915,-6.68489584082171,-6.184600878348346,-3.862455668507423,-3.219613073934501,-6.5569868279676085,-3.4474478155562513,-2.005653982445458,-14.674437357130648,-8.211873321745246,4.060903631223317,-2.340079453704446,-11.34948783424189,-5.767765441979816,-8.10263761415519,-14.375166425509894,-9.04616435637182,3.088822388635849,-6.236350152257748,1.409654777816423,2.182851225915667,-5.604136878287242,-15.384107837262729,-11.347559480001001,-10.600003189587643,-6.913190963573608,2.322323217037947,16.013181048096182,8.307463415253558
6.1872614027531645,-3.8146418276533893,-6.091451620016441,4.893108529994922,20.560587680877227,-1.7526752729664439,-12.223036711400542,0.5985687886466544,3.935783883090892,0.1513477085541887,6.923156374281335,-3.80808413891196,4.315716810491155,-8.033998565227927,-2.251371947847668,-8.826955559726972,2.5859423600649993,5.666748699330237,0.07055411594973947,-2.0923478235121804,3.2505487866739387,-4.771857597973509,-4.471896222953524,-6.090053312668306,-3.331876435607391,-2.857545442373765,6.656292407008361,13.283098505056271,-6.250292848521156,3.411245022305532,-1.1656387772092907,0.4739250760681308,-3.3575480197234437,4.123811772576101,-6.354226237514651,-7.41834329569999,2.2456480104703362,1.7849658460762974,-1.2649446835558888,8.39260392419399,4.442599308082078,4.291101536338664,-6.4183576020015884,0.7268623434765329,3.4719782331348625,6.789972052349901,-4.276977471321512,7.584707287241354,3.606212550506787,5.093071181616498,-6.1970579196564275,9.0730801093874,-12.7426567648974,-6.9719547653327805,-1.2953679355130368,9.88869115896772,-8.888607638773879,0.31366418841547056,-3.510020859052749,18.137415167384006,-14.632626013636626,-0.49561278563089617,1.5738521484620203,4.296817090976272
-18.166567791769285,-2.239820614035692,-0.5828158488256677,-1.4109917872686482,-8.673531982266313,-0.13138493280942415,-25.505405201685793,-34.227187596765454,3.3787664415161434,-1.0481770775381174,1.9534343858715246,7.134215121344354,20.31547726461856,-17.324472727733756,-7.975018782487325,15.298059628955276,3.4809091879995226,17.03160125635341,4.856818041428999,-20.2187629162054,-35.816359067751506,8.730645292160762,11.655728057497395,-5.04926316144887,0.23898297699658544,-3.8067690384123183,-15.928323834737125,-2.763374137103482,-3.294309143347897,-17.100805879216562,-1.9613699882518316,-0.697992884177977,-2.767209146598996,2.14671934458268,-6.042650657805256,-16.820186458789028,-13.325637387440391,-14.084198876595654,-5.547489962961,4.224765710789412,32.59144540892018,-5.632658345723769,-22.781627008510654,-0.8166469019059823,-33.34596892547418,-33.34087586120896,30.011630218386507,15.910983302104855,-8.915032223045987,12.950306331951628,-7.508266469613064,11.458192698193015,-0.06331344191002929,3.770185592358782,17.627558851418076,14.04238744601506,-18.057898479577943,13.899468858729639,-45.088295505541865,-33.62678745404002,-13.929893375191403,3.5166760195447107,9.813915832096367,9.767163655295793
-1.1943637801252744,-13.619510514533149,-1.298778830824275,6.058210551539093,1.4970927020748956,-2.300655391331783,-7.9414774183696935,-1.9350348578077412,-5.787837814179008,-11.274861919598031,-11.678149261141376,-6.03441386392254,0.8142116545404618,-2.0465191903486732,-14.114795385210575,-9.617964284168165,0.5962271956186687,2.394302636509532,-1.9341201305464406,3.6391144759777116,0.259533567437814,-1.3729569202486354,4.249524213536857,-7.108631661141949,1.6777126647301934,-1.7803301602177815,-4.727566339513958,-0.9624266174201151,1.8567896526176981,-1.9891197032973447,0.12652192892278505,0.25338746404684187,-5.238359536572783,-9.585160616105236,-2.9413267495945052,0.333232085608354,1.0188424665732312,-6.8866626828673105,0.8371924171736438,1.6504813050438645,2.683002481251198,1.6242007161607002,-2.3191958331935747,-2.9305254395529508,2.741699320446239,0.14812943194834288,-2.7346771513737504,5.801165835656058,-4.240486399164018,-7.141412727793301,-2.3146805328006597,-3.6660729117423565,5.407040359915823,2.766645952961979,7.093903265921121,-3.308656629159901,1.3744390427299387,-11.820612685586582,-0.28225784328560016,-1.240841132321284,2.2280691943179436,-0.6477205717046269,5.620431499794309,-0.9347819976943967
-6.932661928524412,3.2705309290679385,0.20183497370522713,-13.17478039676623,4.374240700679587,25.160603965474387,-11.798709351505202,-14.364472485595524,-3.380472733241268,-19.016098461208145,-10.719581816645714,-5.178881260111842,-7.97515770257196,-4.234337801239115,-11.727077229279937,-7.579556875813079,-7.983525010866682,0.7543319223743171,-7.522086348848708,-16.94877816729251,-5.871650460343398,-11.702451779856151,-9.1081030549344,-1.717355898522159,-2.747036156127117,-7.217509546477554,-8.940061615846234,-6.301981947083489,-13.584539854638738,-18.454507387713996,-3.4079153421362545,-12.497258101309699,3.4978189323274793,-5.736952493991291,-4.2941906446149005,-13.99204680894427,0.7330229649664388,-5.272877971640013,5.021079297514555,-5.108271919588279,11.255310593008126,-2.694951151492562,-12.932850231597424,-8.590364107985044,-11.51329915992686,-14.256847025062571,3.6201379749715015,0.5069870454524561,-5.3646151558501,-6.9160617630284325,-8.508463077314284,9.36172151751746,-5.212483499547176,-6.473139190459298,12.550792263219453,0.7488469076486569,-16.468304917859108,-9.774154874928673,-7.982862807211529,-18.098629019867317,-11.034809251243882,-2.049615920375169,-7.686759568863524,3.5555011463909403
-8.949327918985613,-6.605663492277702,-16.330498196239567,-10.149976628823062,5.30575767685221,13.108337283999287,-7.1419396419821295,-8.150898347040254,-4.431676564313585,-16.036594080565507,-16.607214215235825,-16.587633898850395,-1.9297269028536486,-25.580663442213787,-0.6382816423214599,-7.707760561536987,-4.712312565133796,-22.16440692679202,-16.792821046996167,-18.02651877016307,0.5065811886282102,-10.887176815210385,-8.76732924222259,-10.063075661002834,-7.612800342649709,-9.95945370644358,-5.1809124602452625,-26.268036127089115,-4.825925646427969,-2.9136697852789397,6.293717775216476,-0.5922060155751491,0.5360764559283774,-19.59290650782083,-4.748936089346864,-16.35672097404359,-6.268682030443772,-8.047329185543962,-6.071416404297311,-5.323930528177082,-2.509623150500569,-0.1975151558117906,-3.5354200213431484,-14.87475796349492,-1.1640751464439087,8.265087321520378,-3.005640285345219,-4.131059224754789,-5.4482846826182705,-0.49532329307150114,-1.2232985825932883,1.607042352007506,-11.551865625172749,-0.9358281457515003,-0.27126774667982734,3.0133020198091924,-6.364665514421621,-0.7967191903329803,11.71123426742939,2.3063417690533363,5.952998011215644,6.145690728039145,-8.009476638234688,-2.2515878886484924
-7.591197665350785,-5.057877946832576,1.8519495234372356,-9.272038493343675,-4.5133746744326,1.0288480170161516,-8.77607847749051,-22.41419045902867,4.995592278252979,-9.376613070176564,-1.8450298489927583,-6.101521799941256,-7.132583887302211,-28.405455871857956,-7.315254365877783,-21.327576300472533,-1.1531320776454603,-8.245724570269083,-12.97062042496402,-1.2021574334666256,-9.204514596250922,-3.303185295045148,-14.878827730895368,-7.715937909590102,-15.966856709699421,-16.94318110362174,-6.000751605643026,-5.277822370491517,-11.185344202453823,-9.59389261423015,-11.074557547854216,-7.089127243722238,-11.348230110266622,-11.420410621069152,-2.6004867902573454,-2.125160724170095,-12.847361227755009,-5.861970446516677,-8.599502839470443,-6.238873432378537,-1.500624467182255,-5.3569825117884315,-3.0008873706685275,-13.30538231900834,-6.48102142020801,-7.800053239389845,-6.5230936246368705,-10.260019981481136,-4.508720106700001,-7.159029771567954,-5.698616857302641,-0.19934312538016868,6.733071558368247,-5.057556413138575,-8.253975305761163,-3.098601528257795,-3.359737179448694,5.059952406019431,3.0795164540976296,-6.736577231260227,1.242089015618452,-2.5924834969864916,3.8284291871325142,-1.710516148371859
-13.673527895620941,1.4724806467381533,-6.04499871694952,-8.136765946600871,5.636331341271817,6.357065172452358,-5.220496809537359,-7.423197976548743,2.0048781106714784,-11.558904045087735,-4.770133856013977,-14.475175193962794,0.8921646321878446,-11.06662152690827,1.0126925659910269,-2.626118928803925,-9.24007507906974,-3.714975730303192,-8.940770662236849,-20.805130962621163,-8.435934659884785,-4.890471048997851,-7.14242474064645,7.242717660202176,-1.5410422944506126,-4.035774516748066,-11.35114313685372,-7.017455001221754,-7.036572503130583,-0.932797719204541,-3.8420428511983853,-7.5278413495926815,2.5202891264001206,-2.1744689880104677,-2.3012598892103773,-6.859608568226449,-3.2738990517575974,1.1057626399652407,-3.7279670217630336,2.8181929317398984,-2.0476494317410343,-3.545560774652198,-4.697911404539661,-3.9327994074592016,-2.3106684835951876,-4.155747186739857,-2.088759779839448,-4.587277234550621,-0.7483209414061897,-2.85180838884953,-3.1521592293432446,-3.6449515661179386,-1.3254131941008584,-1.9229311326224343,0.8563663872570713,-2.9260536351909407,0.4024590772802353,-5.1647268166953335,7.488093409458307,3.9465472566357738,-0.3885681274585731,2.0090108771951476,-5.65669016635709,-3.96877986492318
25.606338792892625,5.939109193821835,16.88685915940604,3.057974286999264,5.446296762937975,-2.939279904316084,15.731357156821536,12.575616870086975,2.2624631594411424,14.041867216096534,16.256282772339926,2.0638438869607136,8.934981513249644,4.2539871619418435,1.0442609312690998,-10.183684212255342,0.3250214240813186,8.09216041118249,4.336350606761311,16.676682839407945,1.1773435076791212,16.717413349387453,-6.11154039074577,-4.870569629410029,6.515329865735598,14.649996315376612,11.72578565983787,16.448494043946596,8.729433935482215,-1.6795693931105946,8.88945092656434,12.458417072818811,1.7949983221568406,4.705272466946227,18.258534836418157,12.272989416187555,23.480802104073177,0.42903620954287014,14.29544100779382,8.184403391923835,-7.235456390943538,-1.0864630113951146,18.860423534878468,0.6900653459659982,26.30266682945083,10.54231856082273,-7.9402729727216235,5.370263183714818,-0.504182066788656,7.756263820241804,-1.6879273405068684,-3.1989058870494826,15.217837081844966,0.9996113556441786,8.741038367960194,-20.792265409309937,3.3266174553678427,6.326250912291057,-21.57381533281954,-3.304894107277755,-9.570511671429784,-4.298236489123151,3.509857181056285,-8.314708193473784
-21.567375909166113,-9.420234002238274,-14.250285104846954,-0.29968689334758497,-5.964889286082542,2.8153727263785515,-11.30153871241463,-6.938513182881111,-4.266283873918847,-21.724890657279694,-4.976814860443194,-5.875364228496562,-6.539289116337859,-14.92917322346276,-8.35096056880625,-20.707750083107108,5.5917734968279715,-6.025434658156611,-6.955516744572406,-7.447303699005695,-15.293360167879966,-14.486996845117625,-13.435492381636658,-7.2345995928723195,-17.985464434707488,-16.165188691001752,-3.267153973027665,-15.644034040546746,-18.70621570066327,-11.153287399567928,-3.876455165293571,-28.852287791532564,-11.67177106788452,-12.989847151395269,-14.678186324603905,-8.957672776347062,-7.3178076755955495,-15.286299216091606,-15.866512741206888,-9.728256657980543,-4.469135873372275,-10.066800969451403,-6.053760760757192,-6.728016483820385,-13.647958557477322,-4.3117968686393136,-6.645635721513385,-7.793149848145328,-12.808995141636572,-7.872086998191631,-4.608625244587089,-14.823135652007881,-5.921146492890026,-8.990369659813604,-6.274605234045566,-3.573292832125805,4.030904671580545,-23.373540194291273,16.96596757421829,5.765994905612509,0.31062329398652394,-4.3731869205119995,7.083050378305696,-5.98546387330774
5.907392051949892,-1.2128979655531829,-13.618350508559155,11.630767008969706,0.08272760408269972,-2.975167094190544,-2.8801259194551596,-4.832246965596259,-1.1706168742644312,-7.968912601445428,-4.136438687516841,-3.261975367715829,2.186885263984576,-20.621043745774813,-5.192862959505693,-3.497083785037158,1.21366012371045,11.292581059810232,4.92460478363877,1.6162153327502842,-1.040720935070833,-2.307924500709388,-5.404120810180366,-16.585851605222313,-0.7354364921899625,-6.671136735020199,-9.14061585774387,-2.217829323382945,-3.170077692710145,-8.067426699235913,1.8431345499094793,-10.515403067552041,0.9938876991648097,-3.2202421176889744,-0.08622698225016258,-6.3052488055970715,-3.7324192673182215,-2.008337351426513,-0.8145863568536105,-0.8301942462458949,17.500266830569473,9.752591952991088,-14.886959221224798,-1.3366957825748411,-6.150424422605683,-4.44720901853418,9.7895954053234,2.3653310841085258,3.9724791161794535,-6.2550071311598465,3.3645297063171267,-3.0128480775298208,8.065531464922708,0.35938880928524153,17.910804556750104,12.774516289394384,-12.634838765741673,-3.6435740564681027,-7.271113135793621,-24.439794389167083,-10.507378418238044,-6.26489146274394,3.1641219747536304,9.688851086139959
-1.0841581991655211,-5.51847743230787,7.58719083303178,-7.683533397254549,3.0961073841173783,2.095750527611184,16.73810531474098,11.259974259558465,-0.1502327493136891,6.1038858692777955,-1.5585993122960315,12.193011724695578,-1.3447069120144834,3.4700021863058805,14.003075727389128,9.059059649665787,2.5740003665755298,1.5591277834030586,1.4888041156365912,6.948385263686792,7.30847535644723,3.264426536708769,4.474270887249433,-4.195158002098851,1.493788218834913,1.174625433613815,0.8585005315673817,6.8858446125445045,7.87758114750661,13.941809695477176,5.0290095070496115,4.714167939930404,6.572565411234681,7.038420429426155,6.867049398187189,7.450551746895494,5.109186324181635,6.086449150859947,3.0010294486557685,-3.64575332321476,-4.156899772638172,-0.5219433056707629,1.927110132571348,0.6463666381990292,11.390010439352851,1.4068770820856098,-7.766802508896592,-0.41336299413235433,-0.10197957247468231,2.6195094036473696,0.45486035657424995,-0.7348130537596866,-11.061231700807603,-9.052401689186897,-4.234037768890883,-12.023581193433284,2.907874289428088,1.7120674747508036,-0.08246555217974294,-10.920472304067527,-3.3952936239314653,-20.670754684440578,-7.241411170373174,-14.891061014315884
7.883138255919058,3.8828695055498796,17.615474435015596,-2.0572961019885248,-1.805904017932297,2.4462430660070362,-0.4367274959565426,4.59682618759421,4.959933765424906,1.8059917859017396,1.3942975962670772,8.154271795368029,-0.0885671601091757,4.83857691714597,-1.219514917835793,0.8647725025496075,0.23445357531813354,7.358796441462057,-0.09053772292080765,5.130221324071572,13.379925346430763,5.1344779771679026,0.0605238905918814,-4.2269710748285085,3.474201699313838,-5.158471547908966,4.559968111379471,0.8408397806035769,-2.922684851989244,4.539866876188463,2.449113022674539,1.2143278565517714,1.829761971459829,4.121761875232641,0.8689791527190281,1.8601611195428198,-0.2274753719189659,5.7870713048345905,4.072155563224652,-3.8818505317906404,2.7405560911912614,-0.9386375788056069,-9.790174636326444,-0.12387322639167271,-0.41782057952850243,-6.107576120968458,3.5226428045901508,3.5283581750502333,-0.6581641013467805,0.13627488688160325,-2.28355661505638,-5.49514170479829,-18.83185346020612,-0.7986866766056592,3.224143731128941,-1.834233489625867,-7.329778314022472,-0.2103174207731816,-4.75366093548517,-1.0630370728006402,-10.802229199081594,-7.671495832313196,-1.02737910634017,-4.666876104924185
-6.097267272558548,-3.497972081610945,-16.15038288505565,16.247690961680227,0.5002360811419856,0.9399442872680102,-16.679386057355597,-23.90558051115297,-0.6659091385772901,-3.177380015842521,-6.371251641861888,9.254898681292328,0.260272449948636,-7.698979609872146,-11.930743987530613,-4.172634090859061,3.156657281827646,-1.256522677027801,-10.306652746909398,-3.0706379294226123,-9.904766593276896,-1.907911934725903,-4.579631344881344,5.4076793160471,-9.040387706930973,-5.24719378756393,-10.512222731859616,-14.192289899407312,-12.338904755674138,-18.020350446644965,-12.840511194634093,-8.599437874475278,-1.9797499764582063,-9.634063243279133,-11.27327975624392,-5.101857835955614,-10.536868964961739,-6.359448490157743,-10.903206133708183,-2.1077548979683214,2.677238475015224,-5.88031170508556,-9.987083749986379,3.232603975289982,-11.294164047486522,5.532460019614347,-2.482898891029169,-3.7260651907488724,0.1257751890065496,-6.460415225104716,-0.18824752088742805,-13.859170611828644,-0.7497583944353642,2.0427704074175157,-6.212836452922947,-3.1857489014284344,6.479626832792545,0.5333982697879587,7.45779853680922,-3.3317353027614396,-5.006534430453616,5.776242815690429,6.404813549164148,0.16400456928740373
8.799816234763028,-5.789279685479978,-11.700099381907172,-1.5469717079277965,-1.3704176153309064,-4.823816636122287,-2.3682210624264526,-2.7741623545949987,-0.667866211866036,-5.33915682689197,-3.2951511466128487,-3.1469894896894695,2.3452557016704314,-9.694617182741679,-12.216388819013137,0.8717584688501532,1.1497317440465726,-0.0014749995220895663,-3.968686701211443,1.0240380196240852,-0.9822901523172852,-15.28802874879746,-0.05891895772926368,2.2525340368483406,3.210561735237259,-3.882614799004133,0.7021241624860249,-2.1808349878202407,-4.644239734025729,-10.632575824325595,-4.452255922512345,-3.0827275097642315,-0.835588268003227,-0.7113046395977413,2.601802020980567,-3.468347274904249,1.131590006933701,1.279826495073484,0.9258924939292654,1.0949200435461566,0.5034394387495923,-1.0438676738157162,-1.3585877296217395,-1.6388375625665044,-0.05705442608629542,-0.6440543891423105,-2.0100545545667576,-1.361289503919522,-0.3023283016662314,1.0188878152174137,0.543707049020306,0.7872521811962535,0.8366607399333817,-1.1119199850269328,-0.6264386910556042,-1.4371893590188611,0.6180599287465941,-0.33565685565945663,3.0439578543132986,2.728483770668477,0.6805939044416007,1.2196814658207016,-0.6472574021316503,-0.7986326746466987
2.877366222090047,-5.6685807388140095,-29.55596403126781,11.667953696795369,-7.1287901713748685,2.5628230546495154,-22.58348812542654,-2.05601651653086,2.7586914215118505,-2.4850677682500315,-9.63685528752857,-3.5906037638621235,6.554812595792896,-12.434510756447427,-14.040421013533177,-12.499598686764037,10.82389158241026,8.397457663873883,8.793278275109543,-3.0260262531216133,7.13747044393306,1.1060185239354658,-2.181275819068386,6.118041151005766,1.1898445455569495,2.571735946140418,-18.849139457717285,-0.8361110188849429,-10.427916107226785,-19.89964263450746,-5.170583704549123,-26.085607370955522,13.397692762679778,-0.40608818723958373,-7.920298744770918,-14.062753859669492,2.391626839440243,-1.1546506856057959,4.4769369472171805,4.7608940834726905,11.050573357733606,-1.1401897011115496,-19.700752126740838,11.950245270268159,-12.13229736479282,2.5515286442588736,2.484814840042463,4.278602884167803,-7.247281205630866,-2.7458233406892507,9.617519500800215,-14.249412491785835,7.303995643357794,11.415744284612035,13.114372498695394,7.640317441128934,-10.825968778834428,-8.080785073584373,-5.9986343288889525,-22.00528781770585,-3.542565525437239,-5.6014964017381255,9.67192364670273,5.341374492293052
-10.505043022742077,9.341807609146047,8.577535512137477,-7.064747373824854,-8.940910848495971,-12.088778902530084,-5.372517303813204,-2.7755424260937342,3.088700936868831,-2.0044731803916904,-2.541480695927357,-5.410640280914808,-9.608596823423492,2.5619924690784797,-0.5075973004316451,4.485564016760371,-4.672340796684877,14.03586019320336,2.8329107193383383,-0.5333295784487034,3.217639441228349,-11.758762647628252,-2.8011464611737114,-5.659098908707175,0.6931112367476993,-5.084479518431648,-0.2493449814331453,7.490053576784002,17.047193044559776,-6.498434678006634,-1.2109269744499418,-2.2442220748260904,2.4334109409822684,-2.2232483503907607,5.710829970837913,11.997718829634236,2.5700646390276916,10.783239239596773,14.027143073886311,19.852948034648833,19.34591853463636,12.02181348977049,-2.631566030673743,-7.622012927055842,5.534646868561534,-4.832993510169579,25.113636191735797,10.20353426401331,-0.3927165995063249,11.015873715511608,-13.001957841356374,-3.364079554310176,-2.442618619854591,2.3677120993164515,26.716528340648228,18.300764419436412,-25.504310711821308,-3.4944169327737593,8.568285266391117,-3.7439962559129074,-9.03791629889744,-5.304985449245159,16.871295802378864,7.876202582906439
-7.331686565875075,-11.892093570796332,-11.201291501403686,-4.570111206387237,-21.44538410130108,3.6951046356515795,-1.3094818274257485,-12.799122143819524,-3.001285753672259,-7.780455887388538,-0.8964394505000186,-3.159661109910714,0.325449760413489,-12.607433034748741,-7.6200253717561175,-9.673294461558019,-0.8597958794703905,-4.862619900781601,-3.3612124610329976,-13.818975986889756,1.5212385852200796,-5.648161094180755,-0.09952176857014713,2.360257694301519,1.6825308063592865,-2.34954492934905,-8.916402008172577,-14.751187373667486,-5.078634669407849,3.202592313760881,-4.521224892273028,-5.446573563475236,-3.2465613098114603,-8.502376972892323,-2.9620483248207314,0.9100616564484988,-4.251590923432619,5.027448967904881,-1.5069751033666545,-2.476522457104301,0.7012215971085513,0.23513021504416892,-2.149402284206125,3.3020249177522545,-3.1315086722655567,8.81481768071456,0.9627233206610671,-4.779804092237901,2.418388961453924,7.834928547049721,13.194495996407735,9.12093121984045,7.862262089768979,1.7919403634192768,13.839459677428469,-2.040428011107882,3.291757431707627,10.947586642333867,4.273635557620134,5.170968070713639,13.279716425513264,10.490635041379504,10.926665928665253,5.755437654337227
-3.313071863053326,-3.3657904282861946,-4.278280596249593,-5.6336351639937705,5.227688344176487,-3.3517804149437747,-6.730903461499638,-4.379559104795332,-3.3773568481768734,-4.139013557956356,-0.8595453497602064,-1.5514283816130359,0.3180611001791742,-5.4992646436753185,-4.229090379261817,0.3604565058862816,-4.833551523529483,-5.585855334081719,-2.5012299139986203,-1.2109342398397016,-4.817662010289386,-4.445657745278988,-2.2616294307842026,-4.538068474834783,-3.8171067964102727,-2.715751617899962,-1.318033022490282,-1.4538020823666236,-1.161399103603712,0.8055969634498924,0.09476973541701655,-1.9154592730879472,-0.558400311452841,-2.4730386507999813,0.09019831841746401,0.04773092625730284,-1.3032115536559388,-0.585514951514129,1.1221120239686122,-1.3826266586171465,3.0163719079997127,0.888535802404706,1.3895521006590923,-0.3826151326393497,2.4453405655904312,1.36657935534993,1.4578085529733498,-1.3788218976431332,-0.16940476374440308,-1.6539442515390346,-0.7280070118785097,1.8607213920925814,0.006826638997959965,1.961379244892981,2.5154012324121204,2.24405846339087,-0.1472423375649189,2.2766380762346627,-1.346931339188075,-0.4200125598744412,1.1988254146797597,2.5212660671493916,2.0203741644216113,1.9453068696403053
8.64322108457539,4.8218999818663315,-10.402646291880153,-5.522883917238943,1.8530961559770447,5.263021714457661,-0.8246685173736967,-5.875134927539718,0.6412917037759275,-2.7849512822851867,-4.32337331511168,-1.8197633404447089,-3.0215515763039056,-5.341783266650047,-5.003050138246063,-5.069788643491531,-2.477229881053295,-3.3235800588704207,-2.6008574110559883,-1.187018710117811,0.2801918154872559,-8.273256749500655,-0.7168810509878044,-4.193552193341654,0.24596130439517835,2.8640395044725575,-0.09083105283465082,2.0948407977054373,0.09055134162884762,1.5704130603655693,-0.6657674920461066,-2.285352804611527,4.1012445782260025,0.7284548209580548,1.4484986371713453,-1.3633250387844753,1.9600249124148732,0.3437400549006078,-2.2958976112934626,2.9084359089153224,-3.2694737325554195,2.23267689379279,-2.58533355827749,1.5944932513039358,0.8825494712143344,2.7839482293075193,0.13709544645249883,-4.790046904714758,0.9175405886269028,-1.597640776823453,1.721892916089141,1.9813098473818536,2.2189305288147647,1.0358156320696859,0.1840420835174353,0.6730970720263612,-0.42868869264175363,3.23837502322279,7.932844955361582,4.360670773113751,4.744173027593465,-0.3097511928340696,-1.1295289389748273,-1.4556873175115996
10.445613617169458,4.436908194960059,4.143777810371851,-6.739770223573814,1.3158004096271247,-0.3411492256741007,-3.8807490736798576,-6.776120282342239,5.642634875414954,6.594858180288046,1.1565213298756594,3.4254176796163733,-3.4161281782558177,-7.750007554261916,-4.083143569351597,6.08105545542203,5.5897123322193165,23.27107497147932,5.552143400862876,-2.9472094723796145,-3.257605358157683,1.5438998373731139,0.3680266610135544,-15.644566544487644,-2.905753371104757,-1.716874643551202,-0.040110419742943854,-1.7026145052755275,-3.1177629006899203,-0.3100067644662856,-12.443023303521045,-2.9178484158998805,9.361163054538554,-5.936243137676331,-5.444634974882795,-4.30117921657249,3.2303316840465492,-1.4559307815436857,4.876486722658204,-0.1963259622811261,21.010101618032692,6.614276791016058,-5.283212363574418,-4.150966491992621,-7.404785050640549,-5.266976727712054,12.827078735958045,6.068883261341257,-1.851008160157313,9.527383019478053,-3.6148663459017456,-1.486350025334849,2.1653920368586057,0.16978575075107796,11.211526594063587,6.352848499385455,-30.831749269789,-4.821784882576497,-9.214695700823107,-8.266757956547023,-4.1843344583555355,0.7384291861870849,1.7603582085534855,8.377549526289469
7.206046198665821,26.29949878884593,15.188636874822508,5.958271390371589,2.078178389536082,0.2519781369931985,-14.481447542531253,3.1358925493599954,14.894916348576462,2.5055644049052783,5.970086743388883,11.436359967648245,-19.350870708499187,-15.134890488781545,-12.707858536359392,-4.555080495970988,1.89979015472905,13.936426316530317,-0.06257925164487434,-3.04241527337295,-1.726471217582796,-3.7184003295873125,-15.897279316501422,-20.87196188892836,-5.634362133867396,-10.593531560528278,-3.0901937574735263,5.878291675756897,-8.006069933675766,-7.642488781262038,-7.73706869785224,-10.141965851565626,10.534440344316495,4.000980325870819,-14.294977415110694,-16.6760181034741,6.8620705401662825,-5.343266107368585,5.71870217945731,1.952638666796418,22.380158042796882,3.6581909201084897,-19.983476875682857,-5.502855992306435,-17.34406897029876,-23.294289100699302,21.39143525540352,-8.86951470318567,-0.428172437959311,1.450069445674932,-0.5577313970167137,5.356840111602661,-2.211469355325101,4.629918976113239,25.528852066457226,22.49908245967382,-29.185202358733903,-4.5437804067250545,-14.394045251390345,-13.992511526800476,0.9186248580944587,4.836956760597055,-9.646904184884862,2.67065058533904
-24.79652062844859,-6.882006001535366,-0.4939917790804592,-9.5386894386274,3.301887500058292,-10.351819718126166,-10.417770975713484,-10.501901623585319,-10.530788111297746,-21.232046730731387,-1.6226345345914521,-9.784495566849685,-8.723929167344757,-7.691169199395895,-8.525943856445382,-3.726272460094481,-20.247485403905774,-13.600044801366959,-15.389462698742449,-1.6733716320235608,-6.612354142170123,-7.108077744922335,-14.921777337080961,-5.633658830223887,-20.918033662042138,-8.914576789201849,-13.016370544380242,-7.061921409789847,-5.926759977008625,-8.778026418713663,-5.30561207015765,-9.353004480052201,-17.476663427850372,-14.687268745924143,-10.658913461250531,-4.54497671810047,-9.76799149937744,-5.623762760031778,-10.002109969887105,-7.252565895227184,-2.086162728734889,-6.138678517731647,-7.119468413000988,-9.09888063675758,-7.283914856394168,-5.5167600044136,-6.008735998051587,-6.215823938551087,1.823610632030161,-7.493351120915555,-3.910515529807701,-2.166586867229281,-0.07451278058768462,-5.919397029204887,-9.469316632875572,-4.891175248770073,-3.7536386957012047,-2.115909134250943,0.7752248054135062,-3.6106179976078763,0.3912331560024451,1.9920827415013782,-3.3617216824967198,4.742751566011519
13.04739215673777,-1.0544913167736432,-1.2914320501377636,8.422604610717945,9.351435275031221,-5.3852990613694205,-12.995150885910823,-1.2307963525117391,-1.297919610834325,-9.03072686677024,-6.877201350222512,-7.740261257291532,-4.069474986267647,-13.18703375619525,-10.01511762167498,-6.507594909181116,-1.189882151990021,-4.295226165066271,-4.502334114895007,-13.603025059361432,-15.282835638102304,-7.431231385760755,-7.354443708574121,-11.867517624403837,7.183589516688679,-4.485985607527235,-0.2857736816511737,-3.323678017941786,-10.571126056366383,-2.970943443688299,-8.955167193135674,-4.119391834310575,4.659597891401056,-0.7263550190304828,-7.357142195834199,-5.946615260062135,-1.5062570208998023,-5.065314982600243,-1.855780824686777,0.2178256704146845,0.4775049778741586,-1.603018808352582,-15.009555691814517,-5.761069063887548,-4.865888573704102,-8.43755316601913,1.0160632619473131,0.09303636047067848,-3.0199310562724926,-1.0046817047820205,0.4850499454113781,-2.7910164830478315,-5.213933192213675,-2.662997716116683,4.810877331846994,1.5313449372135577,-16.456078392550495,-1.2807422929690964,-12.322692647356265,-17.067220048861344,-8.900536558566245,-3.178466705492801,-7.62919280301969,4.355038317753059
-2.3077432202008246,8.951437168611282,-4.65049833160523,3.005387125867894,-4.050176798538685,-0.5633827586652645,-3.7893215301596053,-4.183074611453673,1.5873004571510703,-3.9460144822972727,1.6558891176935437,14.637458841644415,-5.5372709696293505,10.326861177310404,-1.1424264851497392,3.476324439448296,0.30873892005661385,6.441769406668536,3.1550909515095578,-2.5357844580923308,-6.4759759367111025,1.0716164116765257,-11.111304158896449,-9.130222575824954,0.27078547435188677,-3.8606610484439337,-15.46409817544403,-3.4981100685073323,10.206764655919919,-11.046204365702426,-10.616524178467907,-0.31057881024212813,0.7997523312308707,-7.557648403385617,-5.601920167529944,-10.305162297003339,-21.298133756252188,-5.173992591217761,-1.6170126406898948,2.0902105678192644,21.64944746084223,0.604447584582568,-3.5982546651881564,5.38860727416058,-20.621918212588643,-3.561004647886926,25.597683659334333,2.7895225305714626,-5.338977897057518,-5.453554636149371,4.706306585390734,-7.096104215106568,4.768162981832861,11.831660647957275,17.582068968596012,16.50667512718364,-13.893067636727451,-10.453142034804433,-15.264576570294524,-24.17350562620594,-4.982565434940258,10.609986661879995,7.060821224270445,13.28887958392444
1.392740709313363,2.4826561981694497,3.1100294918662192,4.974333504147451,-7.413308971659808,3.9854954102524607,-0.5113478194532262,0.42667333275506497,-1.2896916838029457,-6.965815420782316,-1.6606407886560255,2.7244290991129403,0.03673856033778613,-2.3746579168892312,-1.8170429465919269,3.756001367814893,0.44934500492326235,-1.8814227414244742,-2.916130448357135,-1.3639774359582029,-3.459312859781759,-8.251319462018412,2.5517815303210183,-0.4623241889183247,-7.137009595229908,-3.9169923206999346,-2.476461738613489,-0.14242432306915728,-4.556878075255369,-9.045618266993614,-1.5678615813391998,4.3993219390591145,0.5494591820074761,-6.448356387855378,-0.2907349192902011,-7.542062608688719,-0.8231050105355637,-2.8372242154322818,-0.909745224467216,-5.669559250089727,4.788145557201427,-0.3072214341729782,0.014901270241659869,0.16104738507508393,11.42029297907167,-8.900060133046475,1.1122994385987408,4.56178646820022,0.5484745541159531,1.9181822110782711,0.2511145807201791,11.197267044051038,12.366200957086438,-3.348219401544415,11.735554320883915,3.5155400100102647,-8.861231502487309,0.7392212504634896,-1.3567322789005387,-9.308112056936876,-16.123684802795225,5.553374024387107,-2.9599171668082946,6.22368917579143
8.59397096369941,9.540856808693789,4.522056350668529,3.1360176158250117,4.342698314899091,2.288212378609428,-7.303353565498415,-12.613056372157727,3.159054633319863,4.243718890852446,4.465626734725669,-4.705952642645484,-1.7813852364967433,-10.061667073100686,-0.07018229381096447,-10.427145998888047,-0.3164888741905047,-3.7214285497380586,3.334240676153885,-1.2555591389033787,-7.568210724063078,-5.282753141548516,-9.595484677665489,-6.519381662580393,1.622695343137461,-7.912159767492172,-6.7145343442608345,5.3296858804401115,-10.267434787035778,-5.504812596759383,-3.8785561169493215,-0.4281119799310367,-2.7827581063596227,2.374932796905885,-5.808208199228726,-7.344469200676645,1.3792664908927967,2.5654271769795334,-1.7460926279602398,-2.4118256249568,9.455529327328282,-0.6354146968903265,-3.181425505284868,3.1676312832887916,2.3053919649601275,-1.131791758230809,6.435044956541414,4.5487549987228215,6.624851866456766,-1.9450405821591341,-1.9637709234214644,5.7358058506439855,0.032671193588232145,5.575625043747112,7.550686882275687,4.824232416722909,-2.2491536358144755,11.871856022744707,-0.7033249721679223,-9.907186846373602,-18.48033380463375,10.576498594289772,7.662157959556044,7.28680317566327
7.690102622557614,1.4313049501631372,17.193759136241074,12.445538269180783,16.61511754219629,-5.806263136668115,7.419326991730205,8.852963505013731,0.2497225928906558,-2.4052055724438026,3.002639904858736,-1.6710490267725637,10.909807703038638,0.6231095077559656,2.5511631248663953,8.69531315493769,1.4917642151899706,19.95205949953459,-3.066897501989048,-2.3961541201265217,8.765132497946322,11.410210139962114,-8.207904372326368,-14.399924580010447,5.589651566331755,1.4825681098413974,-0.46288236249657594,2.1576911974351507,3.472027513393296,0.9939187257000448,-5.096388878298482,3.8052917509240465,3.3008129552367964,0.5195533399097936,-1.5205247141891076,-0.14638611474549684,1.0195070249791538,12.013249481581012,-1.718633233369863,6.8307275060292865,0.4924013014992222,7.502348874573434,-8.107612921697777,2.1301817821862192,-15.895004493558526,-3.8254179322985937,4.548167309439372,-4.5335949609553845,3.917957434622382,6.263880969775922,0.07873288593558223,10.432203099636327,-7.142357105681266,5.456226110811371,0.7808254676143502,-0.9418418225258492,-3.428281767915546,-1.8918884173514152,-5.046844161534544,-8.650150084946732,-0.2654473608082003,-10.3469224291386,7.0385921650043075,-3.6601015411234483
3.1346534934691666,16.11310623457109,-4.4774923643735915,-9.165610186310404,-3.079749339218407,0.8829758190701267,-3.0503447777984722,-21.51533727144454,2.718367121587092,-6.735383679260951,4.480227623216069,13.82711487653665,7.0754601678462965,-10.688562547466955,4.259003526982009,-4.001839868330129,0.49418321572569096,4.774688993743175,-13.669583239548063,1.7409653081569987,-12.150557310075282,1.9042330170236368,-0.4631605387550598,-4.2130564365804615,6.994359545118222,-3.6534831515157635,-19.162675521638935,-7.297374492460874,-2.0695430989403722,-11.91862771155359,-11.699819765356068,-5.551421795675241,-1.856502180634384,-0.8225402986868012,-5.461426875650966,-13.167082200756461,-11.88814215821068,2.037567003674629,-2.20646708256919,7.8200708453068914,12.148667932068488,-4.911818276327301,-3.5098074709306295,-0.7782862697876711,-19.462361468114462,-21.600492129174448,13.217992196596589,4.166544069807968,-5.324314585709143,2.2757598359189517,-8.604168242008715,-6.322102182548375,0.7291495227214108,7.284925527659832,5.654337081703343,0.7229953426383112,-14.293678349016579,-4.179386399452423,-15.160234785841531,-14.295436945669582,-5.951583131940519,-6.140176533395004,1.0310385311170462,13.620575814948428
-7.554737471906062,-2.8813502335005152,-0.7092734800561754,-5.32145268303855,3.229145460337962,-2.2114616835826317,-6.395338384579402,-14.356133159635416,-3.5077907638251675,-6.227306682287487,0.28627628820650974,1.1945576875899862,1.6387791290587612,-9.53543523337085,-9.713299075459402,4.6176818979861265,2.4143617222865394,-0.6513321680119126,-0.3231588450719684,-10.089940028509899,-9.261752537856204,1.1278391177244635,1.1060624743459426,2.960556897088289,-7.5513057456451484,-3.3606210533718306,-11.287138859941075,-5.4492177071048,-0.3271177653416951,-5.337722377952697,1.0289549296635634,-4.153443426546217,0.603513533450324,-5.31990837396456,-11.236286977263104,-9.699506467025456,-8.469239949531039,-1.0607950630263396,2.8856580926373354,5.850920696054498,10.722550807150162,-4.901300816451892,-4.399386836368627,-0.05769373911026414,-1.955475240929572,-16.3904858262752,9.63434340003545,3.693406139716793,-6.357814914990728,-4.524483582915038,-4.196529783756726,-1.5846566237934923,5.04804358058936,3.1766133880739167,4.592864462032718,3.879085058492496,-14.709728247472096,2.0192789658159964,-12.420242064656835,-18.33274274545857,-4.458952812519962,-3.8842501067273383,-1.5613932589474537,-0.006494523335249874
6.582009105352531,6.950107218299402,6.189154644607933,1.2278912022829793,8.995736347282705,-2.0765436092463827,-8.9944647534363,-7.797252017905069,1.1961981789166714,2.820237709699926,1.6306435337035008,-3.8622921736407982,-0.5150230931985024,-13.844149288768378,-10.883603765969116,-8.394591006295324,-5.627552800160886,14.329357640333722,0.46797751561865997,-1.5371881409750296,-3.6111273492191422,-1.8413024675591592,0.23192918648782104,-1.8148905217022122,1.2517031059030397,-6.050531289153239,-0.6387092317701571,3.588882161068535,-7.147810687394318,-0.8423980914527174,-4.295591137700456,-0.6946800232212627,1.4804416067328412,1.8994376464795488,-11.384478113320698,-6.912686757336905,1.3736672982588218,-0.07451901319131235,-0.9619197558933668,-4.890202101611609,7.228007549463672,2.7957924673961183,-11.028160806241736,-3.2085435805494606,-11.707179850182648,-10.118578922537813,11.787400691140613,7.278223050043525,-3.4261968832751073,6.307638953229568,2.2018041015331944,-3.9841605219170857,4.328404792129758,7.850830535539871,9.165186518115764,7.230434195429249,-10.837803800967256,-6.102701703329538,-18.690431599932104,0.3233435791574139,-7.690768178906846,1.0847364325541944,-1.5261305035405124,5.650634132305214
9.416481822474985,-1.7698169500391834,4.610460459320054,3.8565940983905893,2.1435162718444403,-3.171073777328998,3.3225091130134285,-0.18967386847484782,0.10765216741637108,6.353235539851823,-0.0475483537459093,1.3250525646224587,1.794064501849344,-2.9843107628340895,0.5446162281494754,-5.34323253832397,-3.3700422524647737,5.657348031400991,2.0420060829902567,2.3151097300181256,0.5144664102634859,1.8562821302989758,0.36740808515911944,-2.9206287461908116,3.11599735276244,0.07970658366167302,3.115029107711048,2.7449583153018895,1.978840790687859,1.688046001140217,-0.49121649092192526,2.9151476179921687,0.19726921769856723,4.7840729690674895,3.8011490199624203,2.89145140951188,2.7709681788042753,2.7772080762185443,9.198855540838682,0.6434279887531481,1.2326869867131358,3.0405841751641876,2.3865931888592016,-0.072343128296384,4.098060974038177,4.108334375731362,8.3436914770869,7.546455697239316,1.3795845743744164,-2.282300873998134,-2.1484674325269233,-0.3958554887067404,0.4581438428960101,4.218025840859005,4.821840909210009,0.8704913035264527,-4.872690891856646,1.1853948847252496,-13.161641278209624,-11.353411241744809,-0.3642314434531776,-8.55740084420974,6.144690475647147,2.1193062651164833
-1.693257341255463,-9.41965979730186,13.683672801396607,-2.9910573233674174,-2.6637975103128917,-5.5464684478277695,-15.255074731772394,0.12350416772281596,5.872019344146895,6.9690860675621416,-10.973435616325883,-20.537580447432937,-30.672336926908763,9.59621264274669,-10.387499309041313,1.4124123501378858,-7.250237008048092,-7.327665854210922,-4.456890086053028,-4.130389520445432,-2.9503944392484347,0.8236046825992251,-18.593792733600587,10.864165800057677,-1.8172514015177619,2.435283253604608,-4.1098776332124025,3.799598858057632,-2.4765008948509672,-1.4130243187132567,0.4333908360040273,4.0310525853534145,7.2978811236507966,3.283081520727769,-4.730874108649647,5.128666994342586,8.788646567252712,-1.824027532387246,-3.274376507672071,3.9856064823198336,-2.343933891805893,-5.976111602102381,10.616464486080742,3.6257750609644455,11.184031260714526,3.5392780983900023,-1.2936832357040395,1.1500173117399377,8.034613325015005,-4.161383761488779,1.883027210508199,8.324000125337216,2.2771515966895244,6.403490184161732,-13.557146236153827,8.849870620551116,5.533384878717335,2.0288326829787118,14.647293133788136,10.218779746250402,24.098258262344828,8.22474236033209,17.993446050223792,-0.43899142343277137
-18.14944383940365,-3.6950610623167486,-4.446976982926728,-4.7878757207396765,0.7828072682071348,-5.483907992172999,-10.767876049110448,-3.72681123218809,3.0013622369678203,-13.931689292676415,-4.696851578464892,-9.764661523497583,-3.0270420850982007,-7.991613508029086,-12.382129417174497,-6.2113657182930755,1.4982554899494593,-10.725386954475283,0.21980182699245582,-7.7245262343911545,-16.85356671682916,-12.956397270834373,-6.920122964457218,-5.1987100875443355,-12.992326640539423,-14.606379145386008,-13.422362968422771,-13.951931851999266,-13.3771291578935,-13.92858520207658,-7.516822782767546,-14.507408072254316,-6.600352597173545,-6.198151076835142,-14.063231972629298,-12.17858746399299,-8.415396509011572,-11.653983083633035,-7.433986902237429,-3.7005777884079554,-1.3211983678070658,-5.9627407657310085,-11.692275339373186,-17.481993919293437,-9.288423638051512,-16.000320210759185,2.5906283130637506,-0.9797666441360796,-5.053401233742092,-2.656276769975507,-6.083149542795177,2.832702160671874,-4.221105999365347,1.789787344495441,-2.658990126554979,0.3835508413471469,-0.7508349983694711,-7.726553514349764,-9.898828418327282,-24.437205524393164,-7.755941250048311,-7.103360388761097,-5.620438711669185,2.1547947369015663
2.1941278943210962,1.5143731745884847,3.497524106325486,4.312346749123624,19.315782026579708,8.180131274897594,-7.693359511892546,-4.9901813923159155,-1.7316430365956044,-3.1306541617829167,-5.086125989741122,-15.530463391218461,-4.252214109303532,-7.356237627049036,4.341601369651054,-5.80494449469176,-7.044121528390899,-0.6402400148006212,-1.0135817077151792,-4.639732223079129,-0.04868209389272124,-1.0308453072718793,-1.6305689713332678,-0.9246380403607016,-13.041008983821435,-12.624209812629609,-6.306780244384428,-0.924683214443044,-4.2888944349170535,-7.2209098650853285,2.011007503541391,-2.0972016201994195,-3.8151647266076663,-2.958710561798376,-10.746758590253311,-5.294430725047868,-6.325751573140908,-8.114121267585762,-2.377536580424058,-2.858544333809165,5.680198896699749,0.4142866686917937,-9.229078463265658,-5.562327420678289,-10.775257920764307,-8.39104192958153,-3.2218033234913204,2.9597440744123467,-2.4469270240133407,-2.2277373809683025,3.225388894886068,0.6370634068402857,-1.8863021367754949,-0.8595901038479873,4.372907721949429,1.6741770990409963,-8.076031619299572,5.682504912049091,0.48146892973733946,1.3859511100865516,-2.262431182129521,-4.092035049638654,-3.4010208882163346,2.7880794905079362
-6.480875907556395,-1.27257849609748,-18.93907027424851,-6.624336040067655,-28.129759367394882,14.044420822973489,-24.434158440980127,-4.301892869752069,2.0988010700025517,-17.163945379828416,-15.443237204374398,-14.59720687335553,-5.836325808178147,3.3895246696129915,-15.432994415433674,-5.805479175167193,-7.526558318814451,-4.63257812056183,-17.639504456463598,-10.893565888646169,-13.584645869987234,-1.5587996212236317,-9.128846737038756,-2.5133717662551733,-5.005708461540277,-14.988494217675651,-18.028011076687978,-15.54315299433541,-16.72792959600126,-23.36464517940201,-9.82508246309725,-18.391156714010755,-13.308942339929045,-10.524108267657327,-12.177846927930576,-10.111860462880026,-16.58467021477803,-7.2477650863700225,-15.407904400134296,-20.01005970030549,-3.2533373576860094,-14.09920089679618,-11.515949559752844,-5.265153275700625,-6.54456151584382,8.155794638267254,-9.377036082151708,-16.24232280078729,-1.8187242636575751,-9.397689195758486,-1.7822215796390184,-8.31516713766597,-13.755909793987113,-10.640904523344483,-1.3479723468578186,-4.6148557289527545,-5.572500234042175,-7.311154157646018,1.4883492743165265,11.649269038632815,10.301581631123332,4.871214972939294,-15.69495348661115,6.603888044153736
-9.465885078129661,-15.903210963259491,-2.1340380164931183,-5.797544308283717,-17.926546664922828,-3.387497051444648,-6.312386535709454,-9.668848799765566,3.483822364972077,-7.835218651522782,4.322688791268166,-1.6409937209046777,-2.419537087803866,-0.17158324488568547,-3.539010820737506,-0.8152086409456107,2.042760996529833,-2.351160127170367,3.4484104185838462,6.752313999617792,-2.545566708355089,1.6004892757441238,-3.579303367027617,0.21091052566302576,-6.651925055619329,-2.411077332359233,-0.4967649027719316,-0.7547654908494243,-1.2381677509725302,7.70975657894539,-1.4543464502850845,3.3983503391306074,-0.4416053970293865,-1.1701242602928421,5.274203914557526,4.53235192277175,9.23437972702829,2.850261237539765,7.359610385035487,2.027504809925069,-1.7731646191290513,-1.2972087303959159,5.671370488913895,17.863643030288138,3.720859404990891,14.402694838569086,2.4688080036919104,3.5351091530276184,4.033406607927185,7.559280779591019,2.8953493581073926,5.434998892931785,2.7233813489487764,-4.31487162112138,12.06395758365011,2.4856705244593056,6.310581990325789,5.27440251624035,7.613388086784967,7.442915883262431,-0.9618710027785908,1.7148717294200155,11.20500522408355,2.5012532546841855
4.550365315278291,-1.2099998350981847,3.8784606566112094,-6.476167338184356,-4.325012232873786,-2.52141784778041,3.59042288760251,-7.7127010615560225,-7.586079576581889,-2.49563877385375,0.492646109948805,3.901292402324039,0.40405061500472106,-15.170692681697238,-6.710547796332994,-8.913290595430968,17.477335180116746,-0.7532374518489395,6.841681405221539,-1.6615330793454899,-5.170583270001114,-5.6728324150551,1.6334443661056683,-31.559449268814284,0.10017402667487006,2.4615067303077787,2.1702446927405905,-0.5535368403120735,-3.022323077104419,1.8357006332563555,5.885336396987966,-1.281472921471343,3.728841650596801,-4.367260771573869,1.8661391500978775,1.063386059107185,3.9157254376799107,-2.9790842607325807,4.853735000009505,0.45805352407167893,13.63228273967963,3.7523017149035636,0.44284453281587766,3.0046658029342224,-6.285404352460118,-8.162284788978384,19.757690284943102,10.39395633105113,4.007604448806611,2.1357981980172926,-2.499590867899842,12.936415312173288,4.581976320793262,2.6203676353462546,8.206734484142807,5.732927582206165,-10.576404519941548,8.562838545760846,-2.7618574370049784,-12.415774646605673,-8.648035637812024,1.7084476297752773,-0.3130712427721678,11.352453046197233
5.884342676432523,-7.012804589247013,-1.368147121523565,3.3602951183047955,3.7204914467143997,10.538697431018951,-0.7895831336924475,8.650640821687224,-3.9993368505873734,-0.07480015555455913,2.4000754427968602,6.359165648685182,5.292131729598125,1.2579204364007586,3.3683749462400137,0.42129021611554546,-4.291082537471131,-1.384068884668718,-3.18032123692833,2.7749856769533965,-4.593149497522421,10.904576869962964,-3.6588151609687025,-2.933221397083573,1.0527368833340138,1.6466791036449482,-1.1311863607679764,0.43172323227424275,-4.371195785640257,-5.875217505867668,-3.8553179852617907,-0.4508195639502837,-1.9541353227000835,-0.8989002262833112,0.699317279891003,-3.1334678760132935,0.7959253558964606,1.7581794437645053,-0.12629389204876126,-3.9334143590524806,1.3763368350764724,-1.0333023863257258,-1.5424975615495162,0.9484764379998258,1.993116097122515,-2.8897581447599885,-1.162956624342985,4.115289576870456,4.363922773168732,2.0600388294158503,-4.1440440676838985,-1.0627678603997102,-4.186197892994708,2.435408088072919,-5.141976226826232,3.1743818708143876,-1.1277246579632028,-3.437626217757717,-9.470859228630268,-8.053187460015923,-8.987003363430722,-3.5342882115310994,-7.3970447075000445,-5.561699881165196
-3.066055020320974,-4.414112486884115,-10.87272124970016,-1.6679842202460924,-10.48069218910181,-1.6848031980804759,16.971237120959483,-7.183483054298103,-2.299137866553106,-3.1111253863604333,-0.7528210542883588,0.7753117669024228,1.498919091091452,-0.5725322653388969,0.8261626186668309,5.142239975897914,-2.0028633264422657,1.2785364787235185,-4.356620951301045,-1.0601528630484705,2.8492217309154304,3.5642975219759374,1.0912959262504347,-0.2650289158093489,-1.370934184027194,10.377869230442636,2.30244450527222,2.1765207963276616,0.04185839989382387,-0.2074159832096807,0.3179891583629234,5.321422601659968,1.799671457050261,-0.2514656908748504,5.9718529778911265,6.273159732854828,7.857932117067379,4.4907078125574555,4.055592293764444,-2.56277192261802,-1.5511715220980091,0.6726003978972197,0.15422931296205358,7.797630780094363,12.040465559411242,12.743423038373933,6.277544128413207,0.40413592992085107,7.570918764892326,2.472363431091088,4.179310312374964,-4.5184995084931865,4.084681042121557,8.566332010901164,4.289893555880939,-2.388215965062647,9.271244063499417,0.18701373001202232,-0.5034349817773147,4.862895812527305,0.42510400928683106,-1.2897045817276198,2.8095381832880233,-9.584435631996028
6.139131032092272,2.6927049316602956,-2.6847738630085787,-2.039313637294116,-4.358363810024057,-3.9350223411269947,1.6287875546770443,-5.305138656236616,-4.516862794120843,-0.797917662869298,3.3532910436925603,1.1500297487006237,-0.9668525106402766,-1.7631771870097646,-3.638202403907247,-5.687688413580891,0.622332193891629,1.6937895536002388,1.525512532854725,1.7042620806838402,-3.2584725708646096,2.409994965039973,3.5691092109159492,0.6638969864680233,2.0470077857619624,1.3135740279472934,-2.934927937922532,-2.0124713038276973,3.096259030550291,-1.2093222337025293,1.7966189038126783,0.0032790078332067337,2.331591350074791,0.10972400932998974,-1.0048592016562736,1.1693755461679705,-3.3915021821776152,2.589726558042971,7.083950953431995,2.9337613777370573,7.754575311348621,2.7604622072774507,1.9445591086548164,0.537128290376474,-2.56926487579593,-0.6154919164700455,13.61702862176742,7.360480978322224,1.5337603696761846,2.882464843981783,6.177437125607008,4.149943015154691,2.1816731610653455,7.625905738988475,9.56134005051602,8.93889870217306,-6.395037680597682,-0.9039468965875832,-0.2218836508170453,-6.547720573235854,3.0472429485974244,7.581737453550137,3.951599267698199,8.214756826545024
1.1632856759610628,-3.2739276194428704,-15.997258942340052,11.845641178365735,4.795768065324457,-6.585904190882653,22.49032959867505,-1.6917366975558101,3.144566520292719,4.209134801652677,6.777882429583779,-0.8231101250028949,11.183581140548537,3.572936945592276,1.2851697206812764,-0.4870205568077461,-0.7571540181527021,2.2681637724948662,0.09129730200319645,10.132121984564156,11.580021845592542,21.12010313122737,-5.386796383617497,-0.5729360564661058,0.7205882381439456,6.5422957682522735,7.9552697683654054,6.161308817373607,15.101345101198005,-0.17948016363057978,0.8905502519813354,0.7445309395198546,-6.409028303386345,9.475497353689393,19.101015578518663,6.874090656821143,6.706425667823293,-0.21054997753672078,-2.9028822638052434,-8.286422299290855,-14.83270831779304,-0.2288460059869244,7.034076940502097,7.881486868157493,9.028237837110405,17.770900064193892,1.8144791342781341,2.5266477747106206,5.951092886189245,-1.1897856699122105,2.2264681502034174,-12.9946858526676,-2.067016952161683,-3.236078851126629,-6.956023504220548,-1.3382621095085265,-0.130736099146994,-1.9468295370380957,5.841909254602983,5.619693228045475,-6.977609114488537,-6.666390089385512,-10.290445230236921,-11.109068680609527
16.672847979638323,2.7241644422498736,4.024601533405386,7.502014850914369,23.59896240765211,22.317179213472567,17.651960453075336,11.69611900538558,11.425673839717037,12.898447641253604,-0.9982826265674897,2.420677232759883,-3.7306644370474014,9.497311705551825,0.956152125337355,17.078223407588304,-5.8980159469530955,11.040693394624084,-0.6138033724472466,-0.813711571351643,-4.757658171202482,2.64884703101745,9.653706292404461,6.137527917081947,12.683912684486488,-5.412697494073535,-5.377677062499288,4.783159928462364,-1.3531086738612377,5.656541408185001,5.679800541445747,-2.8221574254385393,16.108854143410962,2.821797113018667,-0.1628996777055367,-3.8323751323290227,-4.016608246477724,11.445657509667067,-3.4611665901975743,7.130031603223154,13.853249327090712,-2.2872132593168497,-22.642153950926886,-14.25249222265016,-18.53663487795409,-15.68903870045868,13.967846043552777,-9.853554570396573,1.2479669427588356,4.266684561872115,-19.42766189539962,3.989980496815529,-3.983677305585761,9.440888535761092,3.5364642926820955,-5.829143205160205,-9.240935604147882,7.897629635434593,-42.09975086090896,-3.0088759004947847,-14.267024867777943,-5.232568470280873,-9.012896496663513,-4.829147661366651
8.190613723313406,3.0497467015764754,5.886806462025364,15.726316043573723,18.65970779246489,-3.4320974312644914,-12.982874771919297,-2.7594566232228823,1.6754029448339738,3.3930707524504875,-5.459314460755125,-1.0251477608336625,13.286850579895626,0.9497761969358507,-5.4346107186433645,-3.791202917585609,-1.6821869406530578,1.6538940624999605,-2.8601573726122833,1.9132477116582924,1.2323419482317461,-5.115249980693074,-9.604170127381828,5.198472046359423,0.6573043311391519,-11.32795032133694,-6.790950225949558,-3.787203545447192,-0.6321614214621355,8.108993211389125,5.482588288217147,-5.574314765239711,7.085811091205808,-3.424722519875154,-7.438384276267189,-6.0458352650562555,-1.4387861085379756,0.804459444835198,2.440073889553594,-1.7652712593631639,-5.447561315258866,-0.7143086303763128,-12.820793698064392,1.386485259742101,-15.934630981823231,-17.40415052708293,7.479351189472265,0.24592009356942382,-11.053252509342526,2.977783541661613,1.2016245051224,-10.343354914789723,-5.486160589025703,1.2872765871641063,-3.0062997117054358,-4.345993438923646,-13.2967205036694,-8.496776303034947,-12.338262586795476,-13.767534778519305,-17.061555304313554,-9.760708149547057,-11.512613880682023,0.9069031557229309
-0.8529554154018038,5.765161695207918,-0.039785445852918724,-18.983077707279264,2.0116570767689055,-0.804094643119978,5.945861997558775,-10.22698295959051,11.03618593718891,-3.679154876864866,2.080730864330706,5.20253640492698,3.6457605929461603,-4.491652107390994,-9.87390764639999,2.3204665204819652,1.2031823012220304,11.442821056630109,12.821019857543767,5.486344106296792,-7.169224623154965,-8.575075423362161,-3.6605278909451124,-24.784140306312924,-0.398187110124609,-3.847931334265486,-12.634903399019928,-6.525002471241173,-6.066411913494626,-8.060309198491847,-8.498354231847351,-22.35194433652529,0.19680703993552479,-7.037207997843908,-11.7668056118906,-1.1469535683701384,-2.6493910668678184,-5.016060861020459,3.915247737570818,-3.7508776280462794,33.633164202066844,12.673233889918459,-17.52392309810518,-2.318053558249226,-21.764125322529335,-8.391783026578121,22.739938568952716,11.270091026692144,-6.492962724985748,8.701004132156127,-8.929452554805641,1.2759789893072029,9.912388077621019,5.361606063263744,12.854249858118772,17.037445937846204,-32.555266802596186,12.292444175276893,-27.63056408357794,-12.343454428600676,-8.673808836205524,-9.209369438730825,-7.648122426043165,14.280551162480544
-8.933451469264938,-10.913342357122394,-0.7197230394986053,-15.319259572166288,-3.6394108853576577,1.7133877969892732,-7.688429429978468,-14.281643475705087,-4.8933394893999616,6.658282051975785,-10.095052647628348,1.3595250484807648,-2.655884518469714,-5.831459217898875,-9.83689599454756,-13.46350440411697,2.660396611855313,4.1965696417453815,2.835154195826908,1.67354456341042,-0.333136199022597,-0.6227683475873301,-12.072238531657737,-8.599461511620575,23.85578621327205,0.5732224437517901,-6.4301376249335025,1.3624566926125778,-1.898566667206212,-5.931517470994937,-13.402373333112987,-22.83959580447586,-3.852531222514858,2.661547167012255,1.4462278489839144,3.832228868825591,1.0373278577972782,-5.253794585449548,4.039586942881055,3.4297563790636127,-2.1888914452205306,-8.17165882270808,-2.463905841940324,-0.782855720581162,-0.4476083171905611,-4.504582462829963,-4.458074533104076,-4.876023867907007,-4.602843399288961,1.2808347895461025,-0.4138212174849644,-0.7112875434059134,0.15504469218010217,4.887753685146695,5.309396868187608,-3.4337286370422846,-4.553943156060486,-0.8716517942504226,-1.900204617902158,1.5550330269826433,1.9872103900173916,2.5214650878014635,10.727440159886003,-5.166157443631973
-4.766142436822462,3.424283601260857,-9.170699050614953,-1.6470440071399406,-7.911640659835906,-9.774396061924392,-0.005209572408630817,-10.762079072547376,-1.7706432441522393,-5.910491526289637,3.9972432447381103,-12.683859468362764,-12.519065538502282,-2.9184194608916103,2.212048021462908,10.37467655667023,-3.7562676199833764,-0.9409449991345679,-8.588329906602041,0.6264791393736595,-2.5972940781270824,-7.016529529423942,-13.493410269166883,8.869607283338736,-9.26096993522924,-5.065027702103656,1.228086810774157,9.323182319441043,1.0806579237149734,4.569038245954199,8.290194662877429,3.1773754532927554,-7.384031513597167,0.6499890892674197,0.35900780369896024,5.577754824885293,-4.91018102472417,-3.9505750688477943,0.9192978850444727,5.145189557161369,-3.444420195438155,-0.2558807643939366,-1.8228406402201403,-13.813989341450712,-4.926184194255152,10.287583189130833,-9.231839050726201,-9.941022379107288,0.25330805475014273,1.1198554501440035,7.299241460299242,-8.823411047804184,11.859092390249614,-3.4919604101838204,4.378752855511599,4.354190962020941,-9.598017248037072,-0.32304890840963846,9.966364313398863,16.25341356092366,-42.69462794575963,3.7426299805900984,5.960584226923773,4.22847795884421
-7.989437594035656,-11.351180989035315,-9.441042572017256,1.2773214008703344,-16.278843601092674,-6.423848297041358,-9.971508230255,12.910414769665575,-15.1013468935039,-15.20693500118089,-4.965274407453219,-9.625211065297892,-7.99736165198628,-1.8578620025923334,-20.79209328556535,-25.530908529088304,-15.490392771591905,-5.468596201322615,-15.853027537950181,-1.6128172475213718,-6.122863812802948,-10.321722871245248,-3.4971927160531227,-10.112190281954257,-21.280716551093807,-22.727166533292426,-13.160088314171514,-4.2396177323234046,-11.7417417744581,-15.78166196228045,-14.295148136657957,-15.76152289772858,-16.535984152564183,-12.115181823896298,-10.117519096275485,-6.844040280953063,-10.0556141795589,-6.433022649448176,-10.687452493290337,-15.756657716435615,-2.713477880484234,-6.908578028004297,-8.703382191287202,-13.207195800456832,-8.729372328985177,-0.6115700964544607,-5.208264348730742,-4.631092481408831,2.275131072564216,-9.966327396713687,-8.977485950461176,-3.5449467163765505,-10.55753742447766,-1.5582955846896833,-16.321406860509445,-0.5646592638924715,-5.980242991690947,-9.520935567854522,6.9747402185747145,1.1243604610630211,9.011660085124678,1.6046329421967471,-0.22447680629826067,9.776172386382916
# Layer 0 Biases
-13.698528228369836
39.01796432487232
-2.451535089248158
26.336920655209923
78.95492239155419
20.426371601271622
-14.07240607182651
12.113397497344819
7.208550088524281
40.63650689765835
8.034099359390046
-3.8240610820285985
-6.437552521679021
40.74621328841782
29.343810721565017
16.524866049821544
55.31341801858217
3.3929299500538748
67.7537668365099
31.562011035475752
32.48865123993894
22.746555938777473
31.883268244165293
36.55619434385465
-5.122865731695022
5.4272369594239604
61.64587009456727
-15.582917046347974
16.17829007085826
13.228752190730107
16.833905066778904
43.977963547626146
-0.2346714337598094
23.3817077975458
22.857023112548802
31.92165535595978
74.66752571744725
21.29376569284679
20.58089208840426
40.00280199764678
27.466709631973682
0.33579630475202077
10.052870041927271
-13.637937395687839
47.485331668518185
40.794731941667564
17.704893584022784
13.93175355527466
2.0118811869942492
8.582773136570925
15.88898343460561
15.809503383490375
5.66510356639648
60.983880892819855
2.3834494426494994
-5.03706736257589
22.25795579772872
-13.41872440209761
-4.164364321232656
28.97256205965477
50.865153857176445
40.80503020815224
10.483007653126
13.827036260294982
# Layer 1 Weights
0.6057670530397582,-0.013007546079458605,-0.5454688366006671,-0.4502667265048725,0.46999046119352095,0.23980967720017946,0.10157374214989594,-0.3147558469364168,0.36422233404354565,0.0008128420751163374,0.23586634111233482,0.11450458412823969,-0.2167264305337662,0.7540158022541574,0.15346801383385203,0.27495195823243584,0.31406413252049314,0.25586162628346026,-0.31610854594572646,0.27756502220260626,0.2100831870761497,0.4892204783010594,0.007502310645072854,0.16427396898487145,0.18797102423067574,0.5837997570153945,0.0559230167099847,0.34355480719585346,0.06576996786399561,0.4284434046191714,0.22057403339881063,0.4205709670487347,-0.07265293433137231,-0.31426006890501207,0.17227038984641133,0.13554261600968018,0.1347362875994332,0.08328250196981306,0.20685119914140512,0.4595043630820268,-0.02476191503301108,0.13185923269450198,-0.3229463115923594,0.12992003064688312,0.09526549720165127,0.1723938062349601,-0.1887621177443466,-0.4342694868487428,0.053320725245840465,0.2568613171805699,-0.1350191664844632,0.5374161600065014,0.06474428384634802,0.15152066774660725,-0.22111497824613802,-0.13877476831140864,-0.27461389281437176,0.23551297999833812,0.03163691709995841,0.31318679837470126,-0.1415343416653134,0.5775520027378065,0.06958807172392019,-0.060662977800452766
-0.3113798568285177,0.8981549558882109,0.36066466261463276,0.09266360274264582,0.488846789173774,0.19967916802004448,0.5116979252003088,0.5431828966062323,0.6442681375170421,0.09178271801490687,0.2697923913727766,0.0664853448561552,-0.12998687707725387,0.0643192131785531,1.1995441586851543,-0.47870874310091316,0.5905359915901763,-0.16635003454072408,0.04378776097355479,0.36975093608688137,0.09360058846619006,0.26871155832300325,1.0216431639804415,0.9162279198222942,0.9953910099892109,-0.5005598062307184,0.9467874560943679,0.3683781772838905,0.9348833153500885,-0.6679337967593382,-0.4203816416191411,-0.2714053680374888,0.7780578056105496,0.149248085269625,0.9032813488072151,1.0043039913954586,1.0957065683612628,-0.4495893566510279,-0.0041753582202169095,1.5131081845554548,-0.10853280083483571,0.0018455386720909134,0.7286365154886429,0.6318700447544073,-0.012536170631361768,0.5888783270301994,0.21874396631709814,0.44281250462347627,-0.2868623613787371,0.289281273426346,0.04618749118919566,0.22810376810280272,0.7904436293382934,0.7748768448037235,-0.20904882549955753,0.02699880321632914,0.5776031333382129,0.6442793569092208,-0.49221941807012864,0.4062607366857466,0.5763918934281606,0.13029242766648622,0.8511078512873577,0.2302959797440417
0.017075455956817687,-0.3553555284690449,-0.24114247179840329,-0.6572764185071531,-0.3653929564458312,-0.39025224124185237,-0.21151673768723517,-0.503199222153702,-0.47084324457100957,-0.6741091085032495,-0.10338470797408132,-0.015016012724037268,0.2300939441315355,-0.41673272809931644,-0.41774120325512576,-0.20717103179503193,-0.7043738304829018,-0.21995521141403254,-0.6226207837415331,-0.4736206464470124,-0.24516604267630038,-0.5697751048810534,-0.650611821456328,-0.9397742977124341,-0.31087924129811834,-0.3933624863168225,-0.52545533294878,-0.026467645752890907,-0.7401187297167914,0.023503349909065854,-0.1857363160956005,-0.5499796460736985,-0.01006305244532317,-0.35370346211000214,-0.6021999482578364,-0.33546919811202336,-0.4259054060740822,-0.0018260282175594133,-0.6374489789695819,-0.8143336704754599,-0.2549351572133697,0.1531602745291996,-0.22850249930320202,-0.19243958196150807,-0.5697084582611108,-0.4963634282615502,-0.31650131737439785,-0.4790757809650054,0.004073237756543035,-0.3133548342494189,-0.4779218895397052,-0.20115497805898122,-0.21887287228608437,-0.12113991256171483,0.03426173297855512,-0.17233328612654056,-0.5279697274095689,-0.15123475749628867,-0.1927872931431767,-0.4202568740772069,-0.05654158501118147,-0.5290011439249406,-0.5467931189173851,-0.30249990034242585
0.09346873005958499,-0.1396678709507653,-0.2508931408295509,-0.623451395401644,0.28553011995572314,0.15512056999337556,-0.16533405294817993,-0.022025106497480938,0.11725438355687552,0.3210213559071922,0.2711373349347926,-0.3141152005660051,0.269439468855178,0.06662404959203526,0.4602852537591966,0.06115407963320946,0.260730825284487,0.23830862473907546,0.11743848801809674,0.3464839354425825,0.2513279565738321,0.012271385765474895,0.12453888474429355,0.14856926809408968,-0.14002647709925764,0.5078418155759764,-0.07966241912129614,0.1773379149103401,-0.1841669686199272,0.07700047525344084,0.12207990427812163,-0.09917593581938618,-0.22858045097218743,-0.42368390201949185,-0.05488072290375123,0.12501520150930934,0.1314559011939614,0.03011612391991198,0.3418986654995845,0.19072427774247114,0.17801218550995399,0.4084783695149927,0.054601746372006904,-0.07822203407718462,0.03257514346443907,0.1290953085998252,-0.1555492151497025,-0.5130419730688445,-0.0031185840974063354,0.16714521242474661,0.2830369456226592,0.23191776653092774,-0.01070619589062562,0.48212461214185914,0.021206845664157058,-0.005646671295651181,-0.2286226027950659,0.24348716894461545,0.04186680438284789,0.09074821228317712,0.10188548327275304,0.29362847114753005,0.09590223776075013,0.2830753916995605
-0.7517614023570731,1.043768018094601,0.13044101422961574,0.614629139067775,0.7694710506264153,0.684242300582391,0.7501826072536083,0.5999989395662625,0.7437772497973267,0.30967416675054876,0.4745800800524321,-0.7416755885688616,-0.28269122240493544,0.8453047360579787,-0.024432856542583772,0.12306132426617719,0.47739407828061664,0.1804957936569562,1.1926844497662676,-0.3633131099469283,-0.45790009175117347,0.22977233455077084,0.48348491470313487,0.92116746370016,0.8158109320033055,-0.6361354560948512,0.18193180485349653,0.766863280725753,0.220582297383018,-0.3572559659245176,0.4084367394307456,0.2889992862357991,0.33629810721508463,0.8622285836541126,1.1397701739355701,0.819029500944568,0.375793563051298,-0.0684548899662141,1.0117146126193064,0.20045983650512628,0.7713868262710413,-0.16389989599259577,1.0072447309956198,0.11725552988048175,0.7176950734404622,0.05196767714909592,0.25213405963128876,-0.07291874907804928,0.22808594679747568,-0.632595971315393,0.7311923662167713,0.1776295749295931,0.5195242821240559,0.1499125959388433,-0.23338034367086377,0.695275918035432,0.7458047384019995,0.7354341574315076,-0.40595655898042565,0.2656218477260066,-0.09245794609143927,-0.2536960967680342,-0.09816982260528427,0.11265216508227015
-0.09669171659459883,-0.7227347566885697,-0.03461760985983155,-0.7630550263162105,-0.23319533283803925,-0.7849564818859796,-0.3707862265428673,-0.6642647052403943,0.6167002190851646,-0.20743608713219341,-0.6369852246604026,-0.7618785374164703,0.3686344700229245,-0.7718808449491584,0.3099480566676572,-0.9182722085213899,-1.0273634377547967,-1.139393307343124,-0.5646061053722792,0.11016290525803096,-0.51918610329531,-0.16772303383006879,0.616963040957064,-0.08028847110063272,-0.6163743201455919,-0.6483582799879989,-0.06094460462761043,-0.15421364973934623,0.05652445413256914,-0.23009764062641302,0.00017568514327489596,-0.2562113969153648,-0.7462467621042012,0.5659042570172678,-0.05213087479065716,-0.6146532264182045,-0.4304787742402349,-0.24176290505742848,-1.1549052655045084,0.15284463266615697,-0.7419209241001539,-0.41180195014788507,-0.6770744302313528,-0.5473090990861661,0.2601647317879335,0.47940432942037925,0.5307886044915731,-0.9048976738950119,-0.009775871637465034,-0.762408436897526,0.15835532378159137,-0.2311809509566546,-0.09392093674760726,-0.5112718027534556,-0.5181964235508517,-1.0083035393094926,-0.9902204283333328,-0.02937409876329704,-0.6139071766075455,-0.5060152947820616,-0.4953439597630926,-0.9842715773771062,-0.9098121054689353,-0.28426210756611053
-0.27174871936866757,0.4310106766522058,0.07442491398390237,0.16289427792373112,0.193368407341776,0.023121610238043006,-0.4880032869598952,0.4857747669654117,0.016195272925800242,0.43010320387221546,0.11294350595909315,-0.11726001218954396,0.06316826322771082,0.3966280263257811,0.7520105226890473,-0.013959057179888495,0.2594678466498523,-0.22066065041286792,0.3821629159375848,-0.05075950579776182,0.22887974748814235,0.1959056263456904,0.6471101801431595,0.8675824433645961,0.058230371280308016,0.45890278083440256,0.6052246825117696,-0.049997328163510116,0.0788687401916381,0.15589099854607238,0.4395312050138425,-0.012008245589213849,0.3706006562412845,0.535496553450895,0.3143174166797497,0.5436485364687769,0.3112608896492208,0.41044583683146785,0.6091966305313861,0.44294896781500726,0.3013127693534622,0.01980289901327167,-0.0004539023268444316,-0.27888905884585763,-0.046056148130556154,0.257998727926518,0.11039899309830675,0.2632348109126359,-0.5458534209099078,0.2489134166881082,-0.023840421548217826,0.15859282176611172,0.2662660618592115,0.10550779687422843,-0.22705357846227175,0.516948209239416,-0.15961426869446385,0.4074891499460579,-0.21279301283749258,0.31401571392401917,0.3731470355816358,0.16036977091757396,-0.09573402607420789,0.28342820405494806
-0.011377131538692053,0.4952866700967434,-0.364941827099761,-0.2391628416869802,0.5513617803740796,0.4476174798909712,-0.11118738845457347,-0.2959105070943496,0.38012625324103494,0.49462302891605364,0.05535450529595536,0.2373558558363465,0.31507049563447925,-0.16932102407942015,0.8309859049924672,-0.013100616629423118,0.7306698551069537,-0.2848310872959548,0.6264643138306228,0.3870835379189781,0.36744096878013155,0.6485038682683245,0.8577498134359034,0.5333417731289944,0.16926306842812203,0.3962378635691715,-0.06397006811451748,-0.015287283499220379,0.09392582571451867,-0.03729952271669668,-0.011797511505839462,0.2549143950431648,-0.7627582014341696,-0.10430873165058534,0.589617119329635,0.4000666046022771,0.17547480759017955,0.047672368584004525,0.5075775770112477,0.16018919280942387,0.115557207658985,0.05714273682744782,0.20001869508343464,0.20250996012530548,0.12073550076715688,0.0692235887393722,-0.16880228152085733,0.6171003945253765,0.5540360745405236,0.0636321899212217,-0.5309627990201348,0.4352322724003479,0.17897796804080887,0.3325693757885495,0.1952553754717935,-0.19653614291912191,0.5946005923245878,-0.0689325165666427,-0.039997022003528115,-0.3332034917076474,0.3720943254572684,-0.07521814228746793,0.6313803538075586,0.24423354728809757
-0.13909673688074572,-0.4363037096050906,0.22988677188348924,-0.02910851672674612,-0.5711329328006547,-0.41716812363119304,-0.8230778910452718,-0.38561101271632675,-0.3534512159009954,0.10389595197674652,0.12137017253399561,-0.39747567797108496,-0.5630551520759974,-0.7107331504757808,-0.11052317048674576,-0.34931709361947594,-0.3145355257101674,-0.3193724381723838,-0.9773147578623239,0.3287776025195079,-0.3724333533220668,-0.6168212801958902,-0.7289501479426208,-0.7830897497914763,0.017361648810084843,-0.026162903579888902,-0.7753334815188734,0.008399998917950931,-0.44497764071658025,0.3191975433290423,-0.6266492196365021,0.34603764330736597,-0.458502202972712,-0.7689838431705706,-0.3035315708512613,-0.26958286690935085,-0.8120683689760017,-0.09782177114315488,-0.005599764016366883,-0.6448045488201999,0.10680652955316115,-0.2884450364096201,-0.12671695804584351,0.19651511250579537,0.17016884544505603,-0.8987215223512566,-0.0019319399483579284,-0.41036343906463335,-0.35062406765802123,-0.5053321890710601,-0.5291253405313828,-0.37759241118057196,-0.6496385200068789,-0.4710524383202579,-0.3342341273932011,-0.14619226938442717,0.3370822725627387,-0.1234682164935725,-0.8626367214189801,-0.08059707935848216,-0.3556521852251205,-0.05479309428189336,-0.2749853541511797,-0.058969487077409184
-0.18462341392568957,-0.0008838724019834581,0.09571846804225057,0.11252428821576652,-0.6643694746267129,-0.2573910749510067,-0.06361678345081788,-0.21141229456057875,0.06927506421398774,-0.9007754243415171,-0.314942972328073,0.8210131287786002,-0.10071599074848867,-0.03408590363539453,0.24853218166139113,-0.09292024361416172,-0.8229002750244219,-0.10805168946517442,-0.4178281475575473,-0.9682946566398393,0.1172777715117698,-0.02807759471590155,-0.498990996179667,-0.6289780287139842,-0.3813175363019637,-0.5582358503996246,-0.5963361831000358,-0.9447619625454333,0.09425294497997422,-0.4111710634301346,-0.26120841409274154,-0.24042000763004975,-0.01871435827347525,-0.10857744699856871,-0.5483195464669939,-0.04668538685553718,-0.7822818136274976,-0.06064553564149612,-0.2850906932046585,-0.486915876959199,-0.5942120859205603,-0.3139419248801584,0.28494748443137,-0.3187165438644712,-0.5677282670311671,0.10458500967488736,-0.3378135221405081,-0.3260089400427386,-0.8972462036004007,-0.2382079833614975,-0.21420007287636536,-0.43998883552209195,-0.04479440133007283,-0.8761939135499478,-0.2551364780815353,-0.8168430036183221,0.0939822482837756,-0.11083862545310118,-0.6767914997949404,-0.4283369476928977,-0.2762353129951544,-0.3190050904131454,-0.04011058348517563,-0.32282437062360414
-0.4269545453449902,0.3136347354994068,-0.36012705011615276,-0.23905602706376908,0.43804554430067205,0.0733972576228207,-0.32878258456114273,0.3146530523690849,-0.9629164368712021,-0.5246479148191499,-0.41988955039325726,0.35756144261273903,-0.13749856205347735,-0.47989363411576896,-0.8127640472589384,-0.6668059303534194,0.21722671255913548,0.2557758337604413,-0.47302247177690765,-0.47337833822522624,0.002283082820087246,-0.26145024860230626,-1.1589809780635885,-0.5313479298472573,-0.20027562787506148,0.20734678802015405,-0.9465439390016253,-0.0647466121858288,-0.34699824828514514,0.11361681403855807,-0.5051602244767436,0.4438464993042815,-0.5645599746683967,0.5218058893583553,-0.8624089097425326,-0.6298842617314157,-0.29029767474209944,0.1351298812909786,-0.4352805333260013,0.0386690688681111,0.6186597787639712,0.0432706248448338,0.29367069445459687,0.21641244243448665,-0.7073171750067637,-0.2435363135115977,0.048327751907901076,0.5053284457436138,0.5657419013795527,-0.25497512837934144,-0.3522196719392452,-0.09175508295925132,0.5875068473306692,0.6823205686043946,-0.4154158145272686,-0.5430380727534162,0.36199704925365345,0.632007531510756,0.3660099551975094,0.5581328730344574,-0.3406258107598301,-0.7528732077265924,-0.29922238391849276,-1.0526348151622478
-0.21941644387385179,0.2899533716395965,0.40269552301944495,-0.23942330946294146,0.1303057632710196,0.5577187992053788,-0.32226866978583835,0.312193349551888,0.12366957027591502,0.5674853010092731,0.2984020762823676,0.17810083641738228,0.06999665996547655,0.39044723968533307,1.0930172646157421,-0.10015493119502966,-0.012066521220890544,-0.3134703075494776,0.12463729923706128,0.4826121471573534,-0.14397336393456747,0.1613883796052423,0.4533093885998817,0.09808924173259118,-0.4751159295561765,0.09493641410036743,0.0883936029538163,0.1397677065689661,0.28477461413866123,0.04274802477101495,0.35862053332339383,0.2342003343541822,-0.07242566021936082,0.22969112012822437,0.4830905556155931,0.6642994327080001,0.51682421827668,0.20931373454955154,0.08452879853524536,0.6656665511367577,-0.30146681974856376,-0.10842020496083614,0.42598030977847534,0.004563155645112655,0.24592772607871358,0.45885653870309273,0.5834004971639557,0.20885591780656929,0.34207782005759624,0.5138597267129221,0.5598472623636652,0.24163664474102775,-0.1609554588055186,0.06852486639962899,-0.02551028118829839,-0.11524289580175935,0.5873739039787895,0.3378565396656771,-0.8116146098479778,-0.3680915507961279,0.39308333627810965,0.5742013214463686,0.052886670992016376,-0.0183491244947253
0.2697019032356329,0.3928291215221514,-0.26789746806044373,-0.12820659318380714,0.5331951203334747,0.7546975256346447,-0.30555041178018366,0.6371986912883343,0.3409987289306488,0.681866391577041,-0.19898401506441393,0.9443887856765352,0.11952548011182368,0.42508361611500467,0.3838118302776282,1.085536026083004,0.43295664683375923,-0.6872111596367033,0.025983041490378597,-0.5165960584036924,-0.31531360410921544,0.07442106058936601,0.5838836862349134,0.8807678868868296,-0.1455035736470747,0.26799345437062705,0.5172483251621822,0.35544769947121535,-0.09696809514095374,0.48101016452026335,-0.09028784146253169,1.0460129610244122,-0.3376267990931437,0.41986611722095846,0.2171017850150568,0.9329436444101883,-0.19593225872447115,-0.1764290337067509,0.5909370992309609,0.8377359125484184,-0.08156640637926925,0.22499436688711066,0.5999738750311293,0.5335575742449278,-0.6196391836949283,0.9462488414319787,-0.26634058316728615,0.43999756930623846,-0.26474666650476725,1.0276938072160913,0.24011385240402527,0.4487557116776097,0.7741182995724027,0.5088119428500983,-0.2310111773587959,-0.25424431395627517,0.2014811169570499,-0.3624470089788159,0.6639698200440927,0.693479499623781,0.3474157625371609,0.4737605853293109,-0.07226373060074819,-0.2423590246806772
0.28780632889885166,-0.3671845900160704,-0.2883070828597973,-0.10563010681541643,-0.5251902296397813,-0.7199530479072912,0.15574114882355652,0.07480864953214925,0.15401967654650686,-0.583099282277442,-0.31831024973921646,-0.42903861456097175,-0.33110362241087765,-0.19286178212142494,0.03893469740282821,-0.036890239931525536,-0.43847179794065544,-0.2772713506471079,-0.10808699393922085,-0.16268390933920834,-0.48219712666910036,-0.04510420862854654,-0.6466017182617155,-0.9283754019982605,-0.3122973629636514,-0.5713494691830326,-0.3403494404704014,-0.5112038455441541,-0.13426882935798992,-0.02236758111849547,-0.1293394373040339,-0.24436588860965536,-0.6236744765468907,-0.9179648841517449,-0.777715997039268,-0.6608428857963595,-0.5731971496571104,-0.08385176786457745,0.013166799860730764,-0.8386983452122008,-0.36266255714437506,0.18164659457360718,-0.08802543303477615,-0.1540770792089588,-0.243817947386905,-0.10284089603790157,-0.356993733916221,-0.24295003495036918,-0.14343634206790865,-0.0007187330699192718,-0.12607203054534682,-0.3670328050847438,-0.4294666771270448,-0.030796554338413485,-0.35396114950609964,-0.17914258670926264,-0.6649880214634214,-0.37598330423956366,0.6473556325716429,-0.5229077216605796,-0.43930016258031385,-0.04049421054877911,0.3442567032438219,-0.023800299969944573
-0.713145322338798,0.5449921092771381,-0.09715010885144015,-0.24741896686080486,0.35971859662626904,0.654156978599606,-0.11190937147873821,0.38839959143928815,-0.36450137675083216,0.5150309925053139,0.13001174731786508,0.24313016182499445,0.27027118848772264,0.2508739950219398,1.0854701315507698,0.28061120310385357,0.5292474043549626,0.5811281886999842,0.717237370314834,0.5373371092697072,1.0129935486185306,-0.22211023387728146,0.1945589121089687,-0.06170951730512205,-0.434425128972221,0.990821948013684,0.37766564619416937,0.5196803119455691,0.2989632003113643,-0.3286438497817731,-0.20588354283030946,-0.2685109671295638,-0.3653529487875966,1.0027909089159257,1.0069366382604783,1.3868382160962132,1.7239958290918842,0.7242240566332854,0.7496877302443378,0.37159221684255217,-0.07177178515574685,0.5184398709912447,0.3843043899456724,-0.9239044291493048,0.862697545841501,-0.10823613460585649,-0.15373258256340666,0.06869925379361394,0.2490434227995551,0.6422923279493853,0.12739639821043042,-0.3936334408506945,-0.44356981878110585,0.4631299495759448,0.7176765191820177,0.25753782529535957,0.5422786020990251,0.6804225045024523,-0.626680348394316,1.3901532875976206,-0.08671138188673973,0.28449021508816785,0.4230725067617996,0.31457396541370586
-0.4222246642623991,-0.5333365312359044,-0.36851291438578143,0.09899487008735491,-0.3185835229196851,-0.44938215278388227,-0.038856644174738955,-1.1206664669748525,-0.373838976015602,-0.455720956903929,-0.5025681489491738,0.4138567198650877,0.0732257657226381,-0.3694324968982644,-0.3159156968138277,0.017935179268673312,-0.7226200169184497,0.14354277249334937,-0.4512330515373141,-0.033660567101542964,-0.11811469947351863,0.005347750706862472,-0.23321698568718865,-0.17725514230374276,0.14655341946000155,-0.16598268506756858,-0.22450538849104745,-0.36132355424712936,-0.15940736767021238,-0.26739626867034205,0.17336855320531375,-0.09031094191096818,-1.1305416829132218,-0.9865414246477621,-0.853980994594891,-0.33935755731424233,-0.4471922696155112,-0.25033853869530504,-0.7789062387058865,-0.8714241154948825,-0.32746985708379933,-0.023086246033020667,-0.7610133066947532,0.3039999069504748,-0.11664183186400452,-0.32682138255367715,-0.4791650276083141,-0.45283979882653375,0.07870989725843162,0.18910744873322743,-0.3871583629738948,-0.30516743164989885,-0.29228159332673387,-0.2395700898289493,0.33208508421920147,-0.08927300810172231,0.1824663751691369,-0.40758819959836284,0.16833073193401113,-0.6206585446918871,-0.19229878559700883,-0.8252208952791782,-0.012798064236486014,-0.29676957501175955
0.16625988257112792,0.16260064887231823,0.2715293343055666,0.5980028540971267,1.0256967006218094,0.29801919440717495,0.4022357065483691,0.7564167992674556,-0.1202032545613573,0.34979191386660113,0.08958388816090579,0.33060451237890764,0.34668026200057944,-0.5593139179054071,0.17626073069511325,0.21234234443553854,0.14447824221843522,0.5101277678016009,0.5590469948547331,0.48917447164122135,0.47792222706678816,0.9042699571322123,-0.08873636517194503,0.6420413731366148,-0.5104551755532888,-0.23749927034992435,0.3589622720678064,0.2265749111266015,-0.0021865229180786662,0.7080262659891221,0.9491497275579636,-0.08490418031920101,0.4544822441155895,0.3967528461780725,0.8602128782153803,0.7081530257990551,0.6280230084302896,0.2936575831317836,0.6545981682530725,0.847162890307987,0.5034074241607032,-0.19598963668583969,-0.4983640999569502,-0.2623088083583114,0.7452293920723096,0.5275231299786268,0.7368075310115368,0.6586839304012738,0.7805084913008207,-0.19747012425703808,-0.199837750575751,-0.21440735585007786,0.0944085086684756,-0.4388249713144748,0.10625091140938535,0.45090032928890095,0.8557042213683237,0.39088377676892727,0.17631606523171778,-0.16028313112579115,0.4259245406361133,0.008076158958591416,-0.14605138550326688,0.796213638309754
-0.25822875818849395,0.07832891518715546,0.6110197480402917,0.562384264719741,0.6860423534241934,0.6202213205528214,0.7739646883595902,0.6187377741586504,-0.4591673537389652,0.2709313741693879,0.24178085492295598,0.25025796316409155,-0.09501963711446003,0.6671812893298751,1.0626855577703642,0.4021074941146151,0.3022923796084352,-0.7296308226371319,0.31072845418572603,0.5515297711327698,0.16318401122680345,0.7631687998492322,0.42012353969291544,0.796175324994667,0.012367951317144996,0.5686858211107575,0.5318354482230003,-0.16103103979639363,-0.19319777737064092,0.46951665214575794,0.5096421140463608,-0.02651907336031154,0.2516626132916512,-0.21752356294688352,0.5985389032176511,1.2743178874503631,0.13359270480533703,0.5999787551188145,-0.18742553915977114,1.1413652345662135,-0.028810614667001144,-0.15674492430091094,-0.18967659887020916,0.1139532970308779,-0.21199826363380672,0.7772965728940422,0.14742056489367272,0.2171581326262359,0.06431995942828606,0.3253423851458646,0.2066741109372882,-0.010846195733567723,0.26208408285545487,0.5025083442870956,0.340398901238258,-0.6084258858037672,0.3566234396751782,0.43282153722555206,0.38518974303688874,0.547361129444085,0.3858571436465621,-0.022686495058331143,0.8130016752960314,0.5573169548380222
-0.6999067989770348,0.409888785672785,-1.0614321486415383,-0.3832934165339512,-0.5185108500972334,0.6855432678898644,0.06786743814339093,-0.7281658888387784,0.7382496853608526,-0.972876973941022,0.22326932938292496,-0.034681787847965675,0.03267807795847368,-0.7118795568293373,0.5756878811258217,-0.9584006384889192,-0.6115145594876144,0.46025666093640716,-0.24442931007281385,-0.6107738586066705,-0.06325919139273696,0.07514737245822244,0.12751174117995526,-0.20361536978387546,-0.6967039994263896,-0.025946981378112223,-0.12481504393444375,0.48313607877487463,0.1593997798882632,-0.11536822229693297,-0.32253023753420573,0.29375532626111284,-0.4701927210149171,-0.9668138431838905,-0.5404862116693534,0.07911525904812314,-0.05805389788715171,-0.3388103256538819,-0.9665682516856852,-0.5377405620235994,0.029587786076651017,-0.5053174862350203,-0.2956710121108113,-0.5743986316735581,-0.32925371319497265,-0.29141344841338157,-0.8363004578394332,0.3426834917791209,-0.3527839154425456,-1.0193173873188022,-0.6013487781554712,-0.6186221126458411,0.6898757772994292,0.3901103206012531,0.5732465873949437,-0.3342835443491271,0.45921455148201606,-0.5228793527406312,-0.3453924557786523,-0.7212248228744857,-0.3594877976421095,0.7463301451036009,-0.7252189312200897,-0.0739021292186442
0.09963937370103854,-0.5170397415870062,-0.45427382560704765,0.23447061197850017,-1.3036622696228304,-0.49624149713362264,-0.9147826241885744,-0.908924957574469,0.5423029544684403,-0.12225716083101064,-0.11398694574671225,-0.08273132512005153,-0.6939844901537872,-0.07132989232440604,-0.32462463243634115,-0.6468503234705426,-0.2769005383101632,-0.2928708806789521,-0.8548025295130559,0.019907878790781628,-0.32134032830363607,-0.49759834876892084,-0.040866209841942884,-0.6395582863553758,-0.4813938739021254,-0.42387408258321907,-0.0875603147939216,-0.44426056125520974,-0.2270546744365481,-0.0860938799615744,0.26854900381901714,-0.5794541514801533,0.3071889160292257,-0.37482880218725356,-0.5272947921635779,0.6571290503591568,-0.700917463483588,-0.42370002322594746,-0.17052129928500961,-0.24828706592906571,-0.5407351354987635,-0.3793535472068795,0.26442892221570263,-0.8058133760959075,-1.2256192849908345,-0.8108450470841053,-0.9349921374944206,-0.15468104069319233,0.06912744175586746,-0.5238596448909524,-0.17591155768242142,-0.044687531749257,-0.33777614368344033,-0.6908001518547672,-0.297325562342115,0.06991850030920346,0.10245121131593932,-0.5654935440434324,0.2686887255010992,-0.6803137144008016,-0.14057626251666644,0.47663618901921656,0.019666160579755933,0.34068096449273455
-0.025728013531018376,-0.437683487052657,-0.31538264012302586,-0.24302433294029777,-0.6568282307469507,-0.3085837500102352,0.023407305930619047,-0.39573567926508907,-0.21679141794386,-0.6314628121346809,-0.13040687585733035,-0.3082235753942477,0.2429585925956292,-0.031027756441907153,-0.4109025867685372,-0.33086742603789154,-0.4555706302823642,-0.2772026352975101,-0.2819755185792976,-0.5114338046946615,-0.12149208788654249,-0.33735650776578685,-0.49312118566222585,-0.346208613780489,-0.16065798535901815,-0.25457396915699876,-0.4850110514893247,-0.047204912249903926,-0.12045361745876529,-0.3612153405626197,-0.42602661988507523,-0.33762691032552894,-0.01927289727832071,-0.7824328337869308,-0.7086875276655797,-0.7685919368988121,-0.1633053212573973,-0.3128947088184675,-0.41858887139772094,-0.502436182394113,-0.177036041547441,0.11769483163979959,-0.45891802674506754,-0.23853785496632265,-0.19997800289383766,-0.014191749566137947,-0.2529091990808463,-0.5337890121769446,-0.43845390519774513,-0.16119916323324143,0.0757339160322113,-0.5058821359877987,-0.7485867092950222,-0.24541874710078138,-0.14321919328535138,-0.1205066300258123,-0.2175394416357788,-0.3072269763908352,0.3629409102898327,-0.4799585353551327,-0.3780982626380796,-0.5096574962981021,0.3291352326859693,-0.34430107487064676
0.3995642321039462,-0.451423218889433,0.030404685397438794,0.4733429104207304,-0.2742566572218699,-0.0536462962584654,0.0034955611726995577,-0.06836218444554801,0.32611567737902125,-0.37985842597697533,-0.1058649803256081,-0.4054458577579123,-0.2547156330273273,-0.19773434581664998,-0.385229631754198,-0.3653846515783963,-0.9975941197883662,0.29252561310029124,-0.7152393603315524,-0.4441112922521139,-0.18718136266435273,-0.45353850288740605,0.034663754769661034,-0.39766636467704786,0.20017585895275564,-0.31542878728038914,-0.24108739930078724,-0.5471148766398007,0.32720960055429166,-0.06440493490091798,-0.3776671852455451,-0.26720498311588015,0.3577474773689167,0.1151288010527018,-0.40148849530433395,-0.32501361723500904,-0.43487757647889275,0.08151898764728872,-0.10353125252223382,0.33813823211474325,-0.22658680583291751,-0.22910301137958516,-0.24958903160983562,-0.37495838156531436,-0.19047710388259675,-0.39833753161596847,0.09044958820438918,0.3740995236538983,-0.6533035768779585,0.09999619345530468,-0.44410480928170804,0.055125453147908586,-0.4140635327279941,-0.5152708658570516,-0.011800118121864447,0.15943900194102822,-0.32243501336309627,-0.24564110124253433,0.24452277643909662,0.23954160219883608,-0.47488959977150685,-0.4037805742976469,-0.6174904640114394,-0.6721507846366988
-0.00019382588291034215,0.6021075065462931,0.10051126360134663,0.32702849713505655,0.35824074181244137,0.48067721434385974,0.013352038776554297,0.3259912029064813,0.014872459518312182,0.5697322016563575,0.2522699365654553,-0.06015506297702263,-0.0697444832000198,0.20496676596633331,0.3062201495889594,0.30592821218543204,0.7403758536644041,-0.09157469959098717,0.42541847555361206,0.3339587259436875,0.24554989066558122,0.5258722694458451,0.2704379418003549,1.2725695268882342,-0.145779793348819,-0.47884511107354655,0.6323000140033281,-0.08440759087114531,0.12609126536321938,0.16458674025500092,-0.365961648302548,0.0667829057250935,0.33576267385715397,0.4021557907460669,0.34718959575817493,0.8363179251872913,0.16741353308495788,0.4241657622817733,0.6408854144081215,0.7776307838964476,0.11664878713906666,-0.2649306614802597,0.09842211342192918,-0.6401914210088497,0.40854261498681166,0.168005582480271,0.07344724127659842,0.35986733630090256,-0.3728192561348041,0.20911932190220428,-0.3137506597873936,0.1517319590067992,0.05169348131821564,0.1944940879355456,-0.19877303450723685,0.12086187774101745,0.08003812970326667,0.38711258162941686,-0.26411739553125396,0.30760477532000385,0.20255774855202052,0.5438746165342121,0.13770348173909477,0.7241150241524418
0.10803541755595544,0.3181581329645327,-0.06208229197354638,-0.757127505474677,0.5994054660524902,-0.1422916619370758,-0.3275104974074849,-0.010821372411282702,0.10430274607328786,0.3915646047552494,0.4470828617064558,-0.13021282325861408,0.16841278243504965,0.0791411839666155,0.5973552730664415,0.05074753677317073,0.4620840498031799,-0.30970952342052077,0.36064158401611685,0.32807793067479624,-0.23585574421385763,0.03339701937177808,0.3716371374501803,0.3335783968237027,-0.1353807706356849,0.2181703555539754,0.09601808468235522,0.6951022866772624,0.1251327780998919,0.25223698572487496,0.48173681789623213,0.08040649830939102,-0.3764892751763822,-0.2739808649656534,0.7965121531411941,0.4667620790177076,0.25693988509936155,0.1593747022981396,0.42547910353728075,0.09268017068703943,0.2069556494443253,0.4520733470588411,-0.14248955524983156,0.295434100335762,0.12838057997733807,0.24015879828691084,-0.25869709617600956,-0.14832078541286567,0.11257255241656104,-0.17013095938065462,-0.0455752838636939,0.20037728712849873,0.058729167888068735,0.06906883565412052,-0.00041573300474043233,-0.025550319195035087,-0.18581990070422788,0.6338658370478588,0.26888484309045707,0.09251661090111418,0.2650280772655794,0.4326451532642759,-0.05960789758760371,0.5962122449784863
-0.4437933787110203,0.09504543092881589,-0.34460561706254844,-0.14555226632177448,0.055060985546844333,0.3006591160501204,-0.22294565960504253,0.3020332967303904,0.09967801881180595,0.2284117164705546,0.6729984355108819,0.12471457111057266,0.15577084709502048,0.37135750328167966,0.5009754559511165,0.014553027121940183,0.349668550091034,0.21825081291235737,0.3231499079488542,-0.006743053812685116,-0.13162822519401024,0.272874583758078,0.29992224280589785,0.39334968775283463,-0.5143022257248845,0.1272881428636238,0.1954350749807124,0.25219445613565095,0.012077093284106832,0.1857299191473525,-0.05018145714889902,0.5725751489210059,-0.3993601631582303,0.22361119400083834,0.6416637671575873,0.7326484519951679,0.1592170173990172,0.0927936984266526,0.44061746320696055,-0.03943776820810693,-0.019087169499111593,0.16265917616521025,0.20632985476518836,-0.07944744444103927,0.16916700426238676,-0.10882334048252301,-0.171624828672984,0.4743725511982688,0.1805083649757917,0.14515373551035662,0.20083635219689375,0.364117229837281,0.0028696510556174204,0.41164062438975024,-0.12052797369220375,0.3036254004843411,0.0719761903292451,0.42086123174985,-0.19521505748862897,0.16039917930783576,0.4638104493147349,0.1107238126776479,-0.02165515696586504,0.6475916261614323
0.008367265049395596,-0.6225779307240883,0.044673540012721814,-0.41515820790733643,-0.5040495576212495,-0.24563597556474379,0.2411200124795723,-0.7256939993967485,-0.2351080381941522,-0.4051285426209058,-0.24215202591120308,-0.22530028685382641,-0.10405818218042155,-0.14881583369930848,-0.16716485737912903,-0.0925310035276453,-0.6658469592729379,0.042617240825374755,-0.5857087226845289,-0.30144212845110585,-0.43907067117931453,-0.6533026365688934,-0.5598096496507645,-0.45004522555741694,0.002212290361639911,-0.26709240124855715,-0.527068984689733,-0.4108477489164783,-0.44930985359087716,-0.3451335149380537,-0.21168959928253506,-0.3796583610685468,0.2688330447611165,0.03384249655332114,0.048716227574084045,-1.4108648053364354,-0.6388109089412429,0.16115002528729314,-0.5641435704789404,-0.7953339687170414,0.3556487623535099,-0.12919727678882378,-0.45688615002593874,-0.07032416561645034,-0.4766556717485996,-0.3435377141645619,0.11403591397469548,-0.19303709580956407,-0.3129841244850345,-0.15903954320085573,-0.11938888477770418,-0.2516507089238885,-0.43452093981266093,-0.17794725949886778,-0.09964960769336716,0.07157861281684208,-0.4560425135312832,-0.1188261865526345,0.12807343694642853,-0.4231297497424126,-0.2722087011054022,-0.5524905914126877,-0.7533810316378198,-0.21227943292569842
-0.171880244588698,-0.04983818490346235,0.1331758230232067,-0.6068631032257686,-1.0797792921310834,-0.48827536639784214,0.5003092689613176,-0.18557458246793954,-0.4567107304210421,-0.7436240287328968,-0.28658489580725865,0.16995346847999482,0.06847657934470934,-1.0174317368854073,-0.3598074821465844,0.33569158504725305,-0.47736350384393184,0.38245959411790276,-0.7068971315825836,-1.049173076460069,-0.0008195561668496082,-1.2577396243025376,-0.7771131467924289,0.04570963143581844,0.5761098806155643,-0.19802770088918248,-0.0007847067581032667,-0.4342522688497318,0.3826365378649916,-0.8034073314664627,0.13784859734878474,-0.5112520402358315,-0.14229258786282425,0.6466330349600261,-0.9728950591728889,-0.2021641027287369,-0.37739599843233473,0.04714437234654448,-1.1066228538533687,0.5130167150117836,0.2631471752969024,-1.1510926280912064,-1.0166137612939852,-0.16675145049459664,0.08231784919452015,0.5398192705288073,-0.23550256898101807,-0.022663852180519785,0.3491805259583652,-0.1490378923473863,-0.6355990269434484,0.12329512623338995,-0.12016771698951127,-0.011421782059581167,0.7173994937538142,-0.5849254268556161,-0.6473249909968685,-0.4813377848982027,-0.7356274664736989,-0.18175598696316742,-0.22219727962037505,-0.9780760843211849,0.39970444384118087,0.567196352555525
-0.4502240867646193,0.036619564735963436,-0.13148954842121338,-0.4181762990777222,0.0752029721722096,-0.21076152593910463,-0.4438764727073135,0.34869193063802717,0.1396181322638294,0.36225855406775576,0.354871052910129,0.1222262079798099,0.22416531490562627,0.31391159903332594,0.11184645617821455,0.4436136578391375,0.44081167275611893,-0.21569244890425687,0.1846074954702594,-0.04673331438311475,-0.11598491258019784,-0.06534228768229848,0.24782631448008743,0.5732445931901348,-0.2686142281025083,-0.46806682237936037,0.3485387634475118,-0.018779196285050394,-0.20022134076559464,-0.034261571522736525,-0.18262733550476426,0.17160217518151,-0.369150378678676,0.4473559145661975,0.49254991619507416,1.2453718118438417,0.6092325235194462,0.2640433477869036,0.4990482494405875,0.29476807179805675,-0.07770695870105074,-0.1477019475451865,-0.03393739853140941,0.5845306470656016,-0.07410982887726246,-0.08989714199955548,0.08712784963193936,0.3271003410159603,0.044510067364360306,0.1189904621385384,-0.0347219650984107,0.06630442823858763,-0.01599444194855884,0.1727194617965355,0.21766494255650187,-0.3342967054936206,-0.14766688553579302,0.531417052421389,-0.44257733646167924,0.03339042713968695,0.43841506280730974,0.21244775942926908,0.028750000322521285,0.5683649689294157
-0.010321693928130008,0.8101517261736727,-0.3099479895461862,-0.5284530551552761,-0.24406428773392042,0.287179410917324,-0.28616466989016554,-0.5634278393634826,0.15026247339009988,0.48869241289781506,0.1761121083974939,-0.14712850614645956,0.14924056765706914,0.02017719766583377,0.6123334822032764,0.12880457466623255,0.39649401398291556,-0.16496476153873846,0.4578960042325339,0.45595778748384835,0.053420063140952635,0.37766667520255065,0.14864913305947722,0.1847794963994491,-0.6052378722538342,-0.05846458895060301,-0.061271795333689,0.5364601685766018,-0.04694435712367737,0.22444482273736274,0.3003871906805185,-0.085441600452223,-0.6442094362572418,-0.19501568164758448,-0.16315592777396848,0.21674525726006227,-0.03702013515565891,0.40618149590392466,0.27619484962881563,0.14648820637373705,-0.05011518892794225,-0.07514872533683628,0.2963295076861909,-0.06615925740911241,0.3977542418412238,0.025293116087516467,-0.08302733908569385,0.013903929346875468,-0.17717271825831038,-0.2283121639309147,0.3502698641183681,0.3387779370713038,-0.04447679133756961,0.3221172517872002,0.1415330376804341,-0.5376944690975592,-0.23981329627832904,0.48020885314253214,-0.08788108255468871,0.2691621461625944,-0.030509933452745195,0.29956948873770683,0.28780046726268627,0.27342047179772244
0.5100456271021954,-0.29826784644461507,-0.49291267885938617,-0.0018924639728024298,0.3773569046532659,-0.4575707878404441,0.06235915945624744,0.35073632184519543,-0.35434788064617806,-0.5490024767162935,-0.042795125204875224,-0.3398802210416068,0.09322136820766476,0.6641823881064727,-0.6755952364013086,-0.2932639619265069,0.022670911182015082,-0.6183742371296596,0.3400254359103763,-0.7871511112035002,0.5824527735612501,-0.6116638824006522,-1.2150034794237456,0.3777385758814873,0.5380892529183696,0.11554602537988966,-0.9544208119485145,0.6343066391826561,0.12142634754403957,0.27332756427496413,0.40532540854506516,0.7313599194635998,-0.4078921881993482,-0.07232016151030378,-0.7444600732861263,-0.07997296194433809,-0.617774369474615,-1.1016791650490863,0.33806684056789926,-1.2437407721058356,-0.5031799886667326,0.1769826651544324,-0.9730218299913026,-1.0300031662032838,-0.42138418320661875,-0.3523362976885489,-0.6122788114737454,-0.6489440263594896,-0.4907922528358717,0.498881047337888,-0.7539605999159179,-0.14239721529272778,-0.7926039813184812,0.2949027475544751,-0.06508913505085341,-0.2094073020307807,-0.725498346528242,-0.9571120136936515,-0.7541990021862631,-0.41103100855334235,0.5169369558315369,-0.6103770917760577,-0.14468829556230745,-0.7288167430474007
0.046205577793425864,-0.5696212713939035,0.10899147324616178,0.5922954668795594,-0.2936899505829413,0.5119511635373049,-0.07151140652043414,-0.028891204793148613,-0.3765922869106354,-0.4864877281704413,-0.37067127401738126,0.19618773943575005,-0.3885544634629622,-0.4240482452334952,-0.5674621240265095,-0.24668673691272197,-0.5478161518198633,0.05088858095707648,-0.029286542370395824,-0.4472112096343552,0.25437220861470716,-0.5224360284852594,-0.4359663574682763,-0.3212057453611079,-0.060280435996633575,-0.3618399215476954,-0.12963639850224812,-0.9618982818136985,-0.41082443768531024,-0.23479590307903797,-0.11245919675687081,-0.3008539347939539,0.36884216260827574,-0.344038068351396,-0.49930999477751375,-0.2671159041888673,-0.3844648874780952,-0.19136629028917015,-0.4608058700695277,0.0703929265847872,-0.18712942679304884,-0.09918283645796007,-0.024997015125099664,-0.20464150671514617,-0.20380510470933624,0.19221905007345316,-0.33053458852259276,-0.3305972476738148,-0.27095664509097356,0.007388159312882102,-0.17986348590836349,-0.27133614916464016,0.054299351866467865,-0.2535936441277842,-0.132383524891331,0.033474033757166094,0.6896604953703348,-0.3986264365762561,-0.42750718882235456,-0.11153473377741747,-0.055161288918373595,-0.34597390205696693,-0.22026913595913505,-0.4068273533709132
0.028596453353667013,-0.43634856036199515,-0.6421208356615382,-0.0450453032848025,0.22628969157890536,-0.5875839588600661,0.015711179752841465,-0.154364451985351,0.18057654945704765,0.16836843100348653,-0.9380985048397564,-1.1205007577502875,-0.6853474022289266,0.5683498212823413,0.0987459992493524,-0.6514823666816901,-0.7421716138654092,-0.8874414078241452,0.012946092894600952,-0.11263138567805923,-0.24185433605580062,0.34649799124861824,-0.5450169313066552,0.23305124604651922,0.4430146707971661,-0.7298449770631971,-0.4788495392181505,-0.9813636287902606,0.3137879792087949,-0.2053080328449174,0.12587764417218875,-0.7505290969460996,-0.2384845807281754,-0.3961623854103292,-0.7882981823431048,-0.45281030344903667,0.0755791521100305,0.06983424407311141,0.050836147188663104,-0.6713838649943341,-0.18939618881495177,-0.7432839832757591,-0.5911221002953131,-0.06564717359627988,-0.07925486217285051,-0.8422917813194386,-0.8644133327641615,0.12186540457376581,-0.5715814799433377,-0.7252328742761993,-0.039626140109326316,-0.16078474428594247,-0.21314987561472018,-0.5348822710118074,0.1297013171516198,-0.25794624748970757,-0.15215323364581626,-0.33527531192031823,0.11653440315704296,-0.042372047620456266,-0.535979702201347,0.09127504588394199,0.03850339687394355,-0.8237392292147547
# Layer 1 Biases
2.6684185358363552
-0.017408190578707444
0.2604843657929771
3.288670546026683
0.08756768687377219
0.223875302136657
2.743696006968965
2.0964414208697404
-1.0171734010736613
0.9190015594102874
-1.0504197612283428
2.530497345679133
0.27410349177190607
-0.46002458413328207
1.0914102225780546
-0.6927801085389051
0.002711676732214798
0.219370633302214
-0.185109394143946
-0.41444939011815957
0.19817008077814394
-2.2121087154315506
2.1993577407767546
1.0976217032459732
2.6349265641958035
-0.8579119843493052
-0.15514646606255894
2.0423435100450367
3.711407888587024
-1.179956612670497
1.4003416950124448
-1.6379191438608565
# Layer 2 Weights
-4.503925631831627,9.65782559996002,3.3806411852719527,-5.591022610664008,5.225670072051567,0.7864570091963663,-4.229873167164773,-3.7812485978649693,1.5173197762178487,1.0694239826759162,-0.7147195390502448,-4.441636287194362,7.553655767545807,4.629422285264548,6.941792603760582,5.93616006941466,7.870663667842193,3.2052340450203203,-0.40285756863195826,3.626667883578058,4.495120376310218,8.46238721538397,-3.1046456029695713,-7.5964430683139526,-6.003475652800428,6.223102028598257,0.003413265458802538,-6.510713339749561,-7.374360691308074,0.5410885059566859,5.763012041874931,1.468910573722431
# Layer 2 Biases
13.80833511937255
