InputNodes: 64
HiddenLayers: 64,32
OutputNodes: 1
# Layer 0 Weights
-0.3938896395959853,0.2706909826419804,1.1963595659980293,-1.1888860604655516,0.10474790744692554,0.6716890440971627,-0.6439390232211859,-1.2690165293349978,0.7781110959795956,0.047967877308174936,-0.41510929728581675,-0.15590245751366655,0.12420125443612495,0.9144496338812066,-0.01884082343736672,0.988147352436616,-0.22047779311423815,0.6445856204038376,1.3761037348834582,0.3596981842884463,-0.19031033840735923,0.027849769036582737,-0.5882616502760322,-0.9407921312318691,-0.15654958013325884,0.5255170421146135,-0.21632563164507948,1.3157440555048012,-0.44286337391631986,-0.22670749276820598,-0.6676072146957803,0.7417748018846537,-0.41702384662333375,1.2174459007288336,1.0709141926653754,-0.6187798484046002,-0.46451554336058787,0.6603914038456026,0.7148578852457176,0.6201846979898025,0.3209961869772839,0.2082520246060391,-0.7466493874824826,-0.328207139498334,-0.8464331761368656,-0.015985437477141783,-0.2487446729576229,0.29697005899081297,-0.5826250925581572,-0.45802208824649976,-0.8666515231846759,0.2998188177391073,-0.46447831953822105,-0.5305492363341952,-0.407556798408478,-0.21646423189787273,-0.1802504668154322,1.3337875886054076,-0.7062830804133009,0.09473086392715604,-0.5251673669368979,-0.9607431900766835,-0.5352131775558627,0.5644635847724292
-0.9394977874772661,0.09577563910608018,0.3899072152875573,-0.9147630426961618,0.6713966921576887,0.5098943558448933,-0.908765636985218,-0.5063710326433422,0.24166011687915329,-0.416299615431582,-0.05738079868412215,-0.1778291751074854,-0.20141335496973467,0.7397344041355775,-0.4619767925498987,0.4749213825133013,0.5242710577545179,-0.5429159379043862,0.17408794022631943,0.3968179870646324,0.5395504534136774,0.452311679525736,-0.3365665633864554,-0.6290539242935469,0.25343890378956935,-0.5277591531111862,-0.6093133827454744,0.1571894691216308,0.10328696773935137,-0.2716502721910321,-0.4998213262567767,-0.12495664097480959,0.08747507610785611,-0.1982362427156008,0.15272843607130446,-0.4402809373088324,0.16407693051048997,0.46553944334802266,0.6533942805777871,-0.07940038775860701,0.34266789765640376,0.4713954731835507,-0.7695949712180048,-0.6792752747115994,0.7858951935696957,0.41859743133642824,0.2524320789389776,-0.2799557705125416,0.3891777453267249,0.3463146147743983,-0.25616494072015294,0.21756403096774402,0.09062086589878168,-0.9945825187646383,-0.9199685940450074,0.33714771306015756,-0.20654356233727633,-0.7743777235916166,0.5250511429009723,-0.02893317867563557,1.1008705713416458,0.3514834394706251,-0.25337701666719514,0.8285675798235483
-0.3745364200349262,0.7489760278299931,-0.45426792862237675,0.8709525574446497,0.2648580250526523,-0.8262817895271228,-0.28164112079735765,0.34629723086774206,0.5807932496269534,0.7341890060367343,0.5237832550041931,0.6920307802189747,0.7337356123658874,0.6468408154608383,0.6802122500088136,0.7722560187374299,-0.012228388904795134,0.7939854743873548,-0.3132413134300631,-0.5318294864397629,0.6683089970660651,-0.9374488918923896,0.2447665905150377,0.6081347957999963,0.6920348695451175,0.9376411826981904,0.8716606237027915,-0.8815652408679028,-0.30116623708205476,-0.8719389170430121,-0.6342886618880091,-0.050414520266705246,0.367804011905075,0.9055959513632857,1.0922292774853881,0.3134864532699903,-0.9212828972515714,0.39313904941463446,0.54522767061605,-0.7737368457157847,-0.824955357712076,-0.4815009823941961,-0.6565819117108522,-0.07544924336738261,0.724235487033764,0.35830307043116255,-0.5152799652500036,0.5635136483601337,0.6235944495004818,-0.13087727806017824,-0.32663052892622735,-0.6761185127817733,-0.5381859081199036,0.883963560357664,0.8168590180772022,0.7321740285215391,-0.1489207620711946,-0.7700876641920765,-0.4179661224800505,-1.0565204560899557,-0.3201203347487746,-0.7110096848887685,-0.043166306157953215,0.6185035182457778
0.3797237274433231,1.196461995898493,-0.07747699231848393,0.07702127551984511,0.788919805154909,-0.34070519990105913,-0.824953798884309,-0.3213649481658032,0.979008933082753,0.8971600258061733,-0.8989503921845404,0.8918403553372335,0.20638274736233714,0.9255876867619048,-0.0598892765998691,-0.3949027546532393,-0.08252104110326385,0.9347965298060245,0.18985125684293114,0.6454549621389148,0.5882730866233584,0.7719979460368679,-0.2542770178056621,0.327734378890503,0.3058941753020165,-0.7435653556184646,-0.6351425897480042,1.1168237217133008,-0.11910760441413266,0.6697310975341696,0.7693795960542756,-1.1717559001760551,-0.5763049210763522,0.8021789509171249,0.9723075457162934,0.9177437414034273,-1.0115803989778254,-0.20285796158717534,0.7216092805976558,-0.9074217148101973,0.26773239629761675,0.9623918433742454,0.6881145815518205,0.1838923506945407,-0.5815923861982827,0.5975748741045042,-0.5140593005429922,-0.38736352854447936,0.13364996293102807,-0.2684453290980609,0.550013802046285,0.21148751672080288,-0.32683347796823226,0.8965781703971054,-0.5345597923827654,-0.5547996195993357,0.30293959818848265,-0.2748545173748949,0.873600507287079,-0.4577453571655667,-0.6282231212669331,-1.3897190515236533,0.20670370186931972,0.900509192193933
-0.1842096991516468,-0.8815477225346487,-0.6957518037246815,0.5708131441197961,0.24569651831020792,-0.4671462702421947,0.693657608422931,-0.8733305452478523,0.2921553657760297,-0.3872689705974624,-0.7382561233048268,0.026860861442487095,0.4160867429518884,-0.32806825412890234,-0.565129581316341,0.9512030702969533,-0.19452800264211517,0.13902333730203598,0.2867834304860559,-0.8457888022171217,-1.0147488357544976,-0.8736724949669926,-0.8124071707060327,0.8292416333414224,-0.33155246254335136,-0.6864251771437866,-0.5183003577637162,0.6184934774481047,0.46951720764291727,0.8994630494147475,0.6085539263740422,0.06367708111087265,1.3517554551265991,0.4224685902982804,0.37638502263907925,-1.2407189335742959,-0.7297079557397043,-0.833334380565712,-0.9649224622370107,-0.5199470198830743,-0.6883773208984449,-0.40081507387734705,0.1079513544850348,0.5845444220797006,-0.3084004527524571,0.6125314132012244,0.4777083788230948,-0.5997527102339627,-0.9612826511900987,-0.2598650164223076,0.3274820734683671,-0.08319885252023984,-0.4683831620651832,0.14281882714860256,0.4026561948122481,0.7752824025945806,-0.9106937774664854,-1.4763833070592245,-0.6597407781538158,1.3498811785916032,-0.6426776874482423,0.4201046480154211,1.3790519366139227,0.6467493606402364
-0.8784814263638985,0.21793896355146028,0.8677584650861265,-0.6261530339748519,-0.350567275347096,0.9184459044824822,-0.8552427817258041,1.0004105039127633,-0.7393965705657497,0.7402981157987506,0.5505389172406049,0.1511767559462963,0.31516278013219107,0.3433851752490893,-0.9968616183862271,0.677524103303568,-0.024811504649769618,0.4667146621452938,-0.5610884180626307,0.7128455369645035,-0.49732867074315645,-0.9421362981228368,-0.08871146302853453,0.47350965135590684,-0.6183024664500372,-0.7392474509904824,-0.35604984456586886,0.7775027978464599,0.16932984998177256,0.1821402900566896,0.2008974194455031,-0.1581015538520507,-0.37923692143810583,0.18565443914723248,-0.7752793302195402,-0.9436711297692204,-0.10602416801014607,0.05975167957775729,0.5700579999807708,0.7146737567298175,-0.38294886525073274,-0.08286309990025405,0.4164130410416443,0.7887760815095785,0.9770364851807866,-0.23732021785940177,-0.3626096054398054,-0.0017772086671398654,0.7857446266057175,0.9452342578392399,-0.6277078111202252,-0.32956569802717023,0.06159358586528105,-0.6622964964113023,-0.63864409210746,-0.1734289579376622,-0.5228665812453555,0.6622881264692537,-0.6827743123246095,1.0412153290589388,0.3817716293693665,0.7283012271923691,0.47244362820447455,-0.4880173120860436
-0.1348360565143982,-0.28953316301094256,-0.14015454297686739,0.8925746448745873,0.3259312191185256,0.17967045048205665,0.6221575564573196,-1.00367596623517,0.43862804075382045,0.22705508553034856,-0.4101791231757174,-1.0522268156245502,-0.26308506078362526,-0.9028385999044249,-0.8825285364723534,-1.0584974546031327,-0.610005290530289,0.8363102710612332,0.9662913489624895,-0.6189874962876902,-0.03621733373420278,-0.36972020392407307,-0.05123316597155447,0.12259575509925082,-1.0310851658519937,-0.5706582492173997,-0.07019896334564571,-0.9151631353232081,0.9479996348052006,0.6432257812591243,-0.4500296017103042,0.820532932892739,-0.9853366383162322,0.8432260631641052,-0.015606385706241519,0.24811327835256833,0.6261240259406136,-0.9237891597692149,-0.622015566200609,0.5359718059869465,0.5538850993138047,1.0324616886191593,-0.8432858891174165,0.13070161713670433,0.3360590381938901,0.9062578267418498,-0.5505922392204966,0.1708905568758254,0.823891753755658,0.144836778780075,-0.3208668904360764,-0.03975401688133939,0.42738820805232924,0.11772022111933779,-0.3531074823053935,0.20495278495664646,0.6157446726663652,-0.3988467340339649,-0.42729016879679516,-0.13497974058783924,-1.0096335502879756,0.4916231860058899,0.580560837617802,-0.339698235862516
0.6650008515546304,1.1846065220869049,0.34512304769739116,1.3074983742197077,0.6738116339814456,-0.9023300906015026,0.42365567373853374,0.04013459000071964,-0.7279273908480949,0.7287050655831442,-0.043310346983679804,1.024966415376132,0.6170059046318961,1.0033154885848106,0.7143729791354101,-0.47459132790600905,-0.7163186432052984,0.8499400395102514,0.003451365694028019,0.3548053038796165,-0.9904107437675417,-0.14315706662254554,0.012417483501932022,0.9692530462824139,0.5399659177891013,1.1449557388632576,0.7527788499856818,0.4131439697269055,-0.8696079567958908,-0.3041325495640989,0.6687931529996983,-0.39007088361821046,-0.6257646420673528,-0.2955227940564621,-0.33793322140653753,0.9148748426476739,0.2846686679218632,0.5467585847536567,-0.16976412509119676,0.22487341873023659,0.728210918837598,0.070077068711089,1.0526678318078497,-0.004434196067172466,-0.8179527851241063,-0.7121750843249699,0.6510832734945264,1.1154340350530452,-0.7630506457248574,-0.08954214855285504,0.8306777441974507,-0.47933711122272754,0.055616748879011996,-0.576989354980931,-0.04779661800742227,0.2973764645561374,0.3668683738315466,0.5280892289067944,0.0838609909800795,0.37010101998191186,-0.25113971905578353,-0.30775576272822824,0.42996677627598323,0.007350614405837971
-0.3716957552738331,-0.3717987429587747,-0.5063288147045237,-0.6194099049444949,-0.6508545124124844,0.0659040780004308,-0.5870239810033036,-0.07927679180056148,-1.0328347027871407,-1.0239601431315417,0.7174864440440821,-0.630658828250881,0.05279167014325477,-0.12431967151886321,-0.8759097784776202,0.47815879492514174,0.2197887303854469,-0.19662199480040501,-0.9562348867813496,-0.43460680128278845,0.32339915109200584,0.26864200703459984,-0.8037890916658263,-0.6984481320514648,0.3683215206836395,-0.39640439933727956,-0.9827693287376108,0.9065945154493297,-0.5999525291020992,0.6570011467507763,0.2868852171643326,0.0895985201273374,-0.9153042663340755,0.7802276871840358,0.534628853957499,-0.522522345259397,0.303748916586259,-0.15220261895373655,0.27364348446060116,-0.35120469159117357,0.2528808134490836,-0.9402876011217701,0.5654853519756066,-0.18249881128876527,-0.2798331167424296,-0.30398866840766203,0.926147588814338,0.9042419699900697,0.4198303746953744,0.9477008956003999,-0.5963439624502577,0.7768151996835447,0.7851820341491066,0.7755527317414842,-0.16471753447135695,-0.35606932821171466,-0.6113966102571918,0.6025147940542213,0.2506202616643655,-0.386574268243374,0.05630289482015154,-0.20265780673500838,-0.10562751987014336,-0.22765497306132434
0.3413911357012695,0.5924876774531195,0.6936174169273075,0.37588954400332225,-1.1015443005601053,-0.6265826791188092,0.3827403454203846,0.8312017485149934,-0.6922025217562315,-0.7721757739648181,-0.3912902108021726,-0.7256831660532439,0.8048273613464038,-0.10398270787121636,-0.6365144564979237,-0.03820755383249577,-0.22198653487727352,-0.16299704383856284,0.4880555111650798,0.3847102901200731,-0.4711598195192661,0.8628552722422611,0.9628106039375586,-0.45501249958616924,0.8584149231653239,-0.6284775936486933,-0.32357317534047825,0.9106327676356648,-1.051555462948704,0.33299224532290206,-0.9360259325687443,-0.5606478612707206,-0.12494047217441032,-0.7340737656962466,-0.6843944515623831,-0.44596657162210385,-0.878793108815317,0.2292711248190222,-0.9629720727910768,-0.18487445358816731,-0.1101340336634324,-0.9111982818623039,-0.56979608529512,-0.32941935990779775,1.0201307235421693,-0.457442546637696,0.9258627547138605,-0.7666445155550498,-0.6160311485866466,-0.13486138323207794,0.8300258363195954,-0.8174183261164479,-0.7680721993177273,0.7146977577536638,0.8311018015041927,0.24920695625151687,0.5790099866774303,-0.7814390095135888,-0.7740815627199812,-0.705820331831041,0.9742235501466407,0.3137770011096348,-0.39123495445086437,0.9404613503064743
-0.9108731379030576,0.7842233537392651,-0.8801405906897756,-0.7788567755884201,-0.2690017985877368,0.7381290429438077,0.9950480022416898,-1.5298546022369972,0.12091326892794482,-0.4059658465445856,1.5196806444982744,0.46827289847720716,0.693052121088926,-1.1558229873186752,1.2147971609375325,0.5990673807053831,-1.0773773258330641,-0.7711925922320098,-0.9667905700582605,0.8691889365585033,0.049465098468368815,0.4319877440506248,0.025981972593591012,-0.2033748885364958,-0.4557439728277764,0.42458399306683037,0.22328510183242173,-0.20069467543407815,-0.3975864845616778,0.7752117495745602,0.2544161300536206,0.5936492024091432,-1.4869127789129846,-0.6952579597376467,0.13051837644424558,-0.38129234936878664,0.6489078103356111,0.4735523257422042,-0.6474721896443678,-0.40875424505821195,0.14725205063449265,0.6073024764433517,0.5190335014588716,0.7254837924684356,0.2931943526512742,-0.8443808792596875,0.04822595383081767,0.8051777215407724,0.15510500397885377,0.452983686454978,-0.02270251377644374,-0.990585717452771,-0.23786037886351843,-0.011148574384218995,0.01654778635355456,0.4402642771967892,0.39659095877285055,0.4696788369130686,0.7174706741845012,-0.18503640545638617,0.26923621185770336,-0.21268482824708987,0.3572053366528129,1.2398398868348286
0.6019817294008408,0.11531976171960229,0.48126715150550137,-0.5838639080908531,-0.751270755231924,-0.3194030105795847,1.1279770524755544,0.6754394742570813,0.84782570197287,0.7979930637974978,-0.8868256167871799,-0.3161373051366039,-0.731531793584373,0.40414148189684374,-0.15880401103532668,0.8138823073009174,0.36873550416605616,0.05035479069102138,-0.30693013730369234,-0.47825259690862937,0.5395541181310063,0.15599183864841876,-0.8801316430580941,1.122737380457036,-0.36001552376357443,-0.37310712367667004,-0.7846456286550851,-0.09359819594076552,-0.7887136506212828,-0.5516451981518322,0.09949469994181587,0.38780479354823677,0.5987355767724136,-0.8225801261534276,-0.44469303109318836,-1.522110868945678,-0.31684569338636603,0.44994874028277815,-1.0868074162327253,-0.9886645556824226,0.39650321585918563,-0.9650739583449841,0.9530714776186829,-0.3703363116161305,-0.18618563917894482,-0.42842372831701103,-0.006903231426751825,0.6484874699528999,0.7815319256648119,-0.3875369927210793,-0.49459265597044527,-0.22148116846104748,-0.602230453952048,0.10964199091305604,-0.5698950186662222,0.45058645453100105,-0.8474852092821514,0.14591171496752622,-0.5247623007500754,0.6975952085922098,-1.0186410156277492,1.2560676222214966,-1.126031431993218,1.0925677616575182
1.1630003657534396,0.47783696014204813,1.2801917887349537,-0.12174678415423244,-0.5099877548377237,-0.4330447133716288,-0.0970342494785826,-0.6556352757117312,0.21436315987163143,-0.03290320342736643,0.8654496529481879,-0.3257786992957519,0.3620978516354761,-0.48124103528227996,0.40580754102162475,-0.7773336870362407,-0.5238555910572692,1.4781943490404137,0.3338146044627788,-0.38404047576764805,0.38050370347204615,0.473554147526695,-0.05226065755137769,0.4662966996256687,-0.8277995163036961,-1.2404557898488264,0.46236716637359393,-0.8183237362435937,-0.9453472174162968,-0.6169261071693218,0.002350496703916265,0.2612936073495363,-0.5708860831294177,-0.41878050413650597,-0.3694542224077666,-0.06164162088488359,-1.4089792859968704,0.2801389695818158,0.12088653716662848,-0.05078562723436301,-0.20040370490201168,-0.7270970040251683,0.7680839899970696,-0.190697068915015,-0.4775385309275142,-0.18831146576117064,0.10437820812734319,0.9590255334307318,0.9514538615037238,0.6445139609052687,-0.5504984847337862,0.6657550068286269,-0.7853534660907706,-0.8569960719264643,-0.317250812704239,-0.4678706227465594,-0.7607335682900037,-0.6004354853054543,-0.5920913611715145,-0.3918121540751937,0.7262283810474623,-1.4621724175953688,0.22058802561802943,1.22088262332552
-0.7350148465124184,0.5798749899553738,1.069431864679634,-0.5371008514816592,0.36050251302734737,-0.4078337490494606,0.09450237320218845,-0.43117708828978923,-0.043415285127218484,0.011236832597024377,-0.5751924876043635,0.0417022008788274,-1.1691510289989624,0.9580031402761665,0.9404758280449954,0.3363300534967951,0.35608179426418746,-0.8457974534349026,1.000271998639234,-1.2392203715089827,-0.5396172148473101,0.2845035684582581,-0.039270996626830944,-0.8671798779890647,-0.3069218715380167,0.8462891078520463,-0.4775190970601357,0.06157421269961131,-0.420599119077021,0.5060965100659934,0.3144125123985364,0.28083230695546474,-0.40751761418185223,0.5951468998590078,-0.0185788918615929,-0.3358198134313861,-0.004435410847433042,-0.01336656494479131,0.9044970758095121,1.2190169569191018,0.7627749838965213,-0.9129501052929776,-0.07017851387710408,0.8662777027388413,0.8469518880683162,0.2312115264976018,0.8958820241033455,0.6968270937368659,0.7487288725869449,-0.3858893370058775,-0.6275872713376695,0.30119128589738997,-0.20247776609343285,0.0693204624929601,-0.6759192129583852,-0.5791283381402259,-0.7694900780258501,-0.5502690828793663,0.8014838593857768,0.5413674108937683,-0.6040429666360856,0.0005383623875548234,0.012419474275609889,0.4665615922101584
1.175077702856613,0.8657500015836663,-0.4637693277878772,-1.1537187287585589,0.6833489111150429,-0.2572522648668233,-0.42370845350693265,0.5988027659977923,-0.1286092554830399,1.2347056979129005,-0.5471285449764526,-0.48543952457596956,0.014115211804697459,0.03800061835038847,-0.45180723452205573,0.22153713907763461,-0.5114161551895912,0.07583123418596452,-0.23095010412952832,-0.6721418449983361,0.4240084954013078,-0.4702233966893869,0.5901955112645899,-0.7627548798045515,-0.10320379286041921,-0.676947537908011,-0.7242624605299266,0.46614163315930657,0.15049131615940636,-0.08010693340694801,0.6599954370047445,0.6641463202756877,-0.23674163907800083,0.8892097035585758,-0.7031717940317275,0.0596200071399554,-0.023913428836273475,-0.984454617842364,0.11644687716877831,-0.2651837495551242,-0.8339926379516512,0.6937485871692506,-0.5432974226605474,-1.4214788769839855,-0.4876415342350235,-0.397670643201387,-0.5598643378265468,-1.006950290031996,1.047564463779357,-0.5008402202342815,0.5912277975404433,-0.14584738270327308,0.5349887663583266,-0.5493248779065545,-0.3676630517014573,-0.8766634578597484,0.09818004006520738,-0.5909693017488846,-0.8994707123161026,1.088525440873386,-0.9210798150766231,-0.3366387806815284,1.2643414340367876,-0.13825012271834147
0.7882389628569095,1.158791864934863,0.22744582772169133,-0.4562347526730474,0.5853528237325543,-0.0017751831303746668,1.2152898309316298,0.6418330688818226,-0.8260180104810237,-0.3061000798939158,0.9526194452905399,0.39112815686437946,0.7890886443548122,-0.40935848276292547,-0.6896358389320434,0.7595631972034645,-0.6056683241404842,0.49763842427200694,0.9501816840660663,0.3939689594576176,0.4383602690467592,0.8894212370872542,-0.0755704365342088,-0.007363884594279819,0.6763812412963714,0.3959298564614743,0.22777477774564717,-0.2891171133555311,-0.3717973981978843,-0.7819118406122759,-0.6914957048255178,0.7438720526291522,0.5477715434837601,0.4353675421097463,-0.8344414974148019,0.46784305064691956,-0.3097782802573108,0.7069721957071174,-0.23032133240343722,1.0643469848683629,-1.0091930621766743,-0.14579660977283643,0.319155985284118,0.4586557026623885,-0.18657859280899372,-0.9206273943321672,0.7391693753838501,-0.871392017387442,0.6430546134448849,0.2004755137553928,1.0227399809438047,-0.5912255218015117,-0.3259858630416855,0.4712248483624928,-0.6543460525922109,-0.06563574532218559,0.14110521599673187,-0.4921483484902624,0.16802949388978247,0.1470366462170699,-0.3634303501397342,-0.8880938006974034,0.28473609851180937,0.9655863926319047
-0.8212942560073151,0.9825367022854854,-0.8521816906758714,-1.090784638968363,0.5942730943154318,0.42468883479627195,-0.1530814613394856,-0.6649301778891828,0.7809137636560846,0.9830422991477745,0.9239131424679711,-1.433745072479024,-0.9486851824941585,-0.7145783209053176,0.5065992274120953,0.34456515555290107,0.6839571891580414,0.8569515950867995,-0.6820851658301189,0.8304722256182242,0.5932145062233483,0.4829029419845834,-0.2644148958913035,-0.34572879815680085,0.8836899370429212,0.5639196450770684,-0.8483287063925568,1.0147948331138334,1.100067412434087,0.14773953667740441,-0.030113073919465782,0.20807422516883242,1.338098704174909,-0.6175269286989148,0.25005713891476833,0.6814010239850006,-1.1384299060335044,0.2508745663661228,0.28523853484533235,0.27427060030264494,-0.4815935529734028,0.9564066789183531,1.8863085003931959,0.29737300186162396,-0.13257258127019667,0.01891051681368087,0.5524096695818824,0.8443227333321123,-0.9363802419335605,-0.7422614805981116,-1.0135797939938926,1.1097585551872733,0.0777931635057227,0.5075267776595788,0.06603522568148645,0.7171756782323611,0.4269416386073837,-1.1263504196962755,0.7255335456780986,-0.27985568637781577,0.10436299288997494,0.06405043787101661,-0.26985938556171163,-0.6402835876071509
0.6906148118658058,-0.15641332040288738,-1.1273816547867352,-1.0214674091476994,-0.7560472146261976,0.807103683673528,0.7694130905816178,-0.9060002783933928,-0.769620248428633,-0.23914569983414785,0.5303709380919774,-0.514584469695559,0.9494503960405551,-0.6588650708693117,-1.044721320944754,0.8250894679020638,-0.41774278610405097,0.18548620632805365,-0.40684645557891363,0.41972324419523255,-0.4181647678241915,0.7665444366584961,-0.6456552412909358,-0.14068979985802427,0.49752537828386323,0.9986939030548548,0.6594099739552739,0.2916384685564709,0.26196886376198175,1.010569109807148,-0.8038471559855306,-0.8275633022734837,0.9771813887305123,-0.22069910457330708,0.8216673945812254,-0.8665260546793871,-0.31995357177282596,-0.9271812691022063,0.7372963093377191,0.42914004004423023,0.13376345348296761,0.3961960862014888,1.1851064797255904,-0.5237031204254858,-0.36698065115748546,0.6676624472359728,0.15867243816065332,0.18625030698062733,-0.19800144539309994,-0.3754386506182845,0.0474025412795653,-0.5488429113990715,-0.7712668837658458,0.9753952812542491,0.1838970661446858,-0.7050234818666471,-0.6194279320458128,-0.8129508600712743,0.5129720857364438,-0.6483440461561668,-0.37047470871595356,0.8487264589627899,-0.969232471539183,-1.055358049374654
1.5771128712483957,0.5776489682093409,0.5068484905370491,0.22017486830340408,1.4978301134560965,0.23005228889593315,-0.11420471532318925,-1.368786283750369,-1.3769171195082097,-0.18418944292111525,-0.053472622397242014,-0.14686959510459455,1.147960753993338,0.21600039298543353,-0.7987742685599396,-0.6693301541485158,-0.4391653785609309,-0.4048146474151594,-0.9296660106971504,-1.1268474316570956,-0.17468368767668713,0.3257446600642081,-0.06865155289157904,1.1123334084125576,0.14655716221108556,-1.0707474743088168,0.522655439052499,-0.8758620066164527,-0.09577492487646178,0.5848829913779916,0.9537290082545344,-0.5624493273935071,-0.5275438149857168,1.126068910800703,0.05089369506089939,-1.073476694702584,0.5608946150017391,0.11877717942622397,-0.2823324418962549,0.6565818676617601,0.2920990255757312,0.6607043565197143,0.6350675146311876,-0.5967281918723835,-0.605103498956748,-1.0087381769174018,0.5112619134828984,-0.7489689774114887,0.29164177876038,-0.6714517987803034,-0.27562993318738344,-0.14889895023920988,-1.1870797420735983,1.0314675936757454,0.14571770242362117,0.3343752013132775,-0.39274279682490953,-0.6606859733900867,-0.02311903427302824,0.01991573863260789,0.004672052876958017,-0.606162292522233,0.01750051521924847,0.08318428668386497
0.9932750532898345,0.9821024882934912,0.5426836007293918,0.36843918256341085,-0.3052459734624526,-1.296105940710172,-0.1887031727635249,0.049783280697096345,0.28866707453584395,-0.09028553988065592,1.005252657192343,1.004118072450969,1.0716906386106664,-1.1251048067551683,-0.5056347817598261,-0.005531369594744144,-0.9283532565597594,-1.050665760364497,0.6413932582533963,0.8524146155293477,-0.349332562140319,0.3398461105926785,-1.0044536344438009,-0.7387304300514806,-0.5454800467726569,0.019540785105863958,-0.7438040563553672,0.8361554555399737,0.35083334123252047,0.7777854620872653,0.04841876254468888,-0.20108676125924446,0.3079562452591937,-0.756850459834417,0.10486778847844697,0.403843106297447,0.10655756589341432,0.7671523209697261,-0.04130432562755231,0.28976519421471003,-0.9343757838860545,0.014624410488505168,0.33247789902131447,0.08910107418906076,-0.10680061426355017,0.8650867664096962,-0.4086592710530868,0.010390762067190409,-0.2506891043861968,-0.42101709888854455,0.8793428724909499,-0.14429554675360823,0.29939476433178386,0.3396397466032456,-0.1358645066354187,-0.142642473093929,-1.1421732026510671,-0.6892822670902877,-0.5557253838492574,0.051472200765533827,0.6926826022782665,0.1116862905621248,-1.3115518186147979,1.1679978918373581
-0.3071455024375096,-0.09366566540310783,0.5691861415700765,0.9775668674607707,-0.5604710243561156,1.0042949720549956,0.38079059889948463,-0.640112190764448,1.1088730549254115,-0.5205915728494973,0.37615004560174004,-0.23536296053649922,0.04473342184496405,-0.47041560985985964,0.6270840012105282,-0.6798812902535143,-0.41733229041495185,-0.04472289435246754,-0.5742636511427894,0.9371521258445347,-0.01632781025301224,-0.20639271692549457,-0.7347402578320439,-0.3990508143177978,1.2102335156900532,-0.20548945565148347,0.3579377673190063,-0.5246627667176009,-0.6872241038844276,0.6362059934201295,0.47064049302457617,0.714805916995056,0.4085730478461264,0.11421383146944723,0.4119139491460165,-0.7564029341229668,1.032840706488529,-0.22777141247937094,-0.5396304359923857,0.836549325063177,-0.12261335109005728,0.8004363473586171,0.14280661740624093,0.16881567990708213,0.04754617909219783,-0.4362170867407502,0.7369356857887797,-0.6540050375092645,-0.22608774018348718,0.8072056294361254,-0.14552869864064827,-0.3887548360848314,1.2185114229250995,-0.5465951429165543,-0.2940986232745692,0.5249138864765458,-0.4223684558836401,0.5156839608388929,0.7359683118008498,0.06623116121224731,-0.5017625634615105,-0.2994372179415074,-0.8758023526271099,-0.6506299598546961
-0.8406451083596506,0.27505172569358294,-1.7141814109860112,0.34360272358370836,-0.18654996401978752,-0.3452977591579016,-0.42286031256567047,-0.3027301911557677,0.09680971448327749,0.4382924673305996,0.6932348437410083,-0.568069576007419,0.00478661645134587,0.6642365914271073,0.7099574974197764,0.5045714635128873,0.7798469667787791,-1.1959553704937076,-0.976284717748156,0.33046238115153703,0.8165163526635053,-1.455065587640084,0.32521720257024783,-0.869289277867767,0.70850090820432,1.208380444346007,-1.15495923490579,0.026086186697728782,0.25983656178793535,0.4771388679314528,-0.0068603303848554275,0.09115643379497614,0.27028371905629434,0.7761155261261283,1.0677425420945037,-0.36571153708045606,0.017767602175517663,-1.2105549638545035,0.4028491467121367,0.2565707733437371,0.11256628800962652,-0.057431033171284826,-1.00484184066427,0.7350150220271228,-0.7764807392561999,0.6254765570299836,-0.47588490150586266,-0.09869604265725858,-0.9066286619766439,0.342831436542789,0.30504168249305286,0.33571735436217365,0.13738289770205286,-0.2382584162214109,0.3758101763539618,0.48493010163019934,-0.35301205250735573,0.7890397506443074,0.6403440916957196,0.7263887283391026,1.092465208079015,0.7852045225667326,0.1811356156897842,0.7968306427876752
-1.1423713702899938,-0.8513925788521148,-0.453534157098889,0.654519718110907,0.4667070974727676,-0.7911360796282316,-0.18066779728695323,0.6378614040137215,-0.627962438200744,-0.308784226146803,0.40914442268841966,0.2624505922170197,-0.771422685187354,0.12658005183453866,0.6626048170502667,0.08870786281350244,-0.44535090192309645,-0.2566983135970732,0.24357643906458787,0.49600036509556394,-0.7392953760733251,0.767056372240022,0.008670930556096728,-0.5074045638325092,0.6603977795144148,1.1391714096394594,-0.7897464931831032,0.9941429473243854,-0.6931716633882884,1.3352406415209237,-0.7607748323446687,0.4669490019481287,-0.4490537805969039,0.68522064356056,0.5657313295085502,0.7474971822682462,0.529097882460831,-0.12527461112219557,0.544259361982684,0.7614244774439947,-0.027123150589006977,0.5173941586000467,0.2611761716465369,-0.4724919739263518,0.07777563402633969,0.2512210776469878,0.38693285766225916,-0.7069441195335543,-0.6852913861324209,-0.4621327379859895,-0.9427928303992585,-0.15665753473819352,-0.9720975305787419,0.5988051772575452,0.010772708804774779,-0.08516672382176274,-0.4632580905006115,-0.1502688694723074,-0.9490217030214341,0.09350436482767893,1.0601216118648447,0.8313451701940582,0.9869170724389761,-0.4021028698615082
-0.999785209444708,0.19627435566877002,1.2110746650828788,-0.26071099495649497,1.1297753409237343,-0.16923998957858466,-0.044203053401408045,0.703516301117288,1.0122930553113016,-0.4227826962715282,-0.3723551477634781,-0.8500881157411727,0.8268863946746519,-0.7303364982174605,0.1395613046668076,-0.6171594669815422,0.7583856970181252,0.3677520920734679,0.6508794088116323,0.5073464070506956,-0.5606880952055373,0.19828811659226464,-0.8244616716848033,-0.5315588294120843,1.368992932843271,0.8754447587852202,0.524865509947043,0.3543395004123339,-0.1532573254790031,0.18302814630800984,-0.04995379172403964,-0.7398808078023179,0.16517858203291083,0.1365954653684039,0.3250811231481946,0.2539027456033991,0.6314741025778841,-0.26038650383896367,0.5690508217874906,0.5221853884127906,0.14237696613086784,0.005388194596118895,1.7395898618867398,-0.3125986806456717,-0.011860982249463444,-0.04535315140483987,-0.41642053336569645,0.7357610726437045,0.1766821839548891,-1.0094655642634796,-0.1012159043770924,-0.967333825278522,-0.9038364038402437,0.23901977934965377,0.4687404772178158,-0.7406291647733213,1.1740935593143735,0.5964487906065712,0.5580823432805375,-0.1326380282240456,0.07022115040354672,-0.7341873473884465,-0.6116022781861281,-1.3325888034813216
-0.31471174672983326,-1.0290675703471959,0.9825292851718848,-0.963151358996828,0.27338606296531115,-1.1904995777334528,1.1073404344110813,0.4089196552399709,-0.4674152319197925,0.36110385172509524,0.48129705707906645,0.37711551331341125,-0.6781777909963126,-0.35439107986469304,0.8223457410656322,0.4309671040589292,-0.31936206521919774,0.2691330267994441,0.7391680137654515,-0.5566358182405743,-0.8728285164644045,0.5802904664454451,1.6055315267296486,-1.2355802791489916,0.3095492479283347,0.09839211025896058,-1.1786340433686047,-0.6749332060197378,0.6917299103045158,-1.0329500866742318,0.20017602855433547,-0.4492128304874191,-0.40952815923056485,-0.27958473057501887,-0.16006014382955286,-0.0407336563601379,-0.0908211822069203,-0.2843152938859898,0.5047625204446919,-1.2368354652240148,1.1157164939288542,-0.5926940702759802,-1.0894549340890443,-0.5607902385157962,0.6862558395706696,0.36706515968057135,1.3553780050398896,-0.6599797586547701,0.4675709914532173,1.1197663694585132,-0.3031675810474365,-0.5807814166747743,0.5595829199244078,-1.0411933363352335,0.08279936318001893,-0.37736971542815795,-0.44256793382837395,-0.9643705437537329,0.5663716730942219,0.47663620605288287,-0.01999102192976976,0.5760305308546826,0.6684230746924584,0.3732855146225886
-0.7334721430157655,-0.7529760221528212,1.1870497313291772,-0.6245088772448752,0.6250102634554476,-0.7452943084776964,-0.10154937933236977,0.7294778082811108,0.8454426923669054,-0.06928950366752294,-0.5710368248556075,0.7137046677712751,0.11319237947028109,0.07230253896364071,0.6655702374891638,-0.5407633810190718,-1.0341288714137058,-0.6260926679833373,0.996125994082981,-0.020276297180748196,-0.17985972292324787,1.1088123710090303,0.8533362345897479,0.793629848395941,-0.833586735361358,0.05097434301335433,0.4256606527690615,-0.3347039464541,0.6150321565604603,-1.4461415114201819,-0.8517119579284342,-0.7457050865532846,-0.4604107675123692,0.7499348289843971,0.33722792159907083,0.6132726037920854,-0.04438037283017629,0.477049551266775,0.7972553966729916,-0.7015372666716495,-0.43749573614659293,0.6048460998953149,0.4542424433114565,-0.3503295557119919,0.011751482664490623,-0.9180938054436913,-0.4314008697699331,1.0026536781737179,-0.1791681987228005,0.737161869256768,-0.851082990096932,0.2523545403203276,-0.3900523288615095,0.2284224597247418,0.13555216387075733,0.3032808073665479,-0.33203373527674135,-0.2790103942364524,0.4367154584659552,-0.9323400704100709,-0.12085603091424929,-0.22219162655924837,-0.7885867214448102,-0.7933832236155034
0.40004587633476624,0.8043601644688089,-0.886058878522337,-0.04330750721991538,0.16509036781941985,-0.08002272870753124,-0.36385657811440913,0.6348880375885875,0.4931957082506444,0.08659897006700912,0.33473829060774196,0.7591656697063434,0.9744655096439778,0.6692038519922497,0.4598522979319961,0.4457545596799626,0.01632815461628587,-0.8351542741071539,0.48265788952130084,0.30880922853320447,-0.4721050989055658,0.6872325605378149,0.40029317037823964,0.7260510978720682,-0.7826566272064465,1.0862055722076305,-0.7149973492690842,-0.8624495885348987,-0.7664925706317341,0.1385968966235889,0.2583440550837231,0.14300364133331137,-0.011301323217327448,-0.7579659103649822,0.4877770382192943,-0.025180003360981407,-0.5355321925161086,-0.24283020023978102,-0.48559712042266145,-0.11512334659590091,-0.2780765176753094,-0.8014367164612549,-0.5500740486423874,0.5564111506467515,-0.1879440036353679,-1.448147940280085,-0.13235848106995896,-0.8311458404456162,-0.4693595564266284,-0.18195212198822297,-0.15206570299475558,0.6426668757401441,0.3139953404925211,0.464924147055263,0.341663419704593,0.8964314320844493,0.33376007510627964,-0.6771044484120877,0.4184215624123502,1.0771201814246067,0.20881223790537667,0.9772890485947466,0.8145145346194059,0.35755377763647106
0.9064165906063195,-0.6717477566901928,-0.8837779086637096,-1.0783408890873212,-0.6803948396017341,-0.620001752245767,-0.392647953277497,-0.10501541554335016,0.5665779816709191,-0.6687046984880585,0.033509221997735004,-0.9687653044336147,0.9404581388967973,-0.22155700504579978,0.8050743351082438,-0.6388745853465511,0.24775308905555996,1.0867305539634264,-0.25181225232600857,0.8912811734880968,0.8073404927823464,0.3374612154261407,0.029338896342772477,-0.696870523006786,-0.6101832305093885,-0.5995649055021967,-0.1308029505729094,0.8721591561571651,-0.2554712830476357,0.44275781759032296,0.22559539182860122,0.6393131066448016,0.36226477313131455,0.09718401482648804,-0.591837035011609,-0.9805651917281837,-1.0171889636943836,-0.0441930262208654,-0.17837896827087107,0.42008070109503287,0.5061607274082729,0.4114175794090148,-0.12764418919166973,0.4093570946593854,0.7174991573095195,-0.1523745432179995,-0.33957498954943544,-0.059973965583214654,-0.8585033620665702,0.7713935804393836,0.40055847790125376,0.34878210085983363,-0.7046067781057728,-0.014833688773578954,0.8808990590185108,-0.5496391728951358,-0.0278145260843788,0.9792614538510109,-1.0592568628382841,0.301491668819021,0.35188267868910084,-0.3032457752283193,-0.738338259645227,0.9871950636661108
0.1347411418244065,-1.2089276991437563,0.7000203948111967,0.177608656129498,-1.2192259542839037,-0.8175543373184624,-0.481009695879503,0.18619362732513606,-0.16285582220632464,0.6128387787727948,-0.0513591834707566,0.05809034189817464,0.7945755797251477,0.15028235462212547,-0.29567473380911397,-0.38927212175152914,0.4343216053348187,-0.5942064731168031,0.7576718472914682,0.4089056015721525,0.9265242480469652,-1.066857861149497,-0.1305963478425281,0.7110782082843647,-0.7051315176031524,0.256127574466344,0.0065352895877469445,-0.13896965122265048,0.8725484327584767,-0.8702284017897356,-0.5257741994893378,0.7312802426404447,-0.551303903333055,-0.38747735819065676,1.3716606489848095,-0.26194966136666314,-0.41850014194109897,-0.16693181473030072,-0.40580622299023056,0.0935998514214179,-0.5729214133171854,0.17606123336090407,0.6747023102077606,-1.2161502546534353,-0.4230623784592551,-0.2764306551715332,0.7762689002590031,-0.5679535086011178,-0.8691408733778999,-0.994352602760088,0.29438104149644334,-0.1374039773111056,-0.11895136589127428,0.7625261009785524,0.22317134383677195,0.47514361696869806,0.2778925593104874,0.18647503594266715,0.03731280650183975,-0.7462988652578982,-0.06833215765524484,-0.9106157835862935,0.5870075320491396,-0.4480603430815549
-0.22692156199456237,-0.8192176096417512,0.6735654639014323,-0.42086799524097246,-0.3777621279911266,-0.7900278092523241,0.19792371001424816,-0.667546705224608,-0.5366928426224289,-0.7930047021591143,-0.35520502878873567,0.5958477331165968,0.42266780898230405,0.3649828741161693,-0.20776045571123897,-0.629787238831963,0.9457649673406604,-0.4444118458748413,-1.2856707440524993,0.46235920027429056,-0.2254431775979417,-0.6401433732711062,0.5478466240382953,-0.6837616806336545,-0.6067055578886186,-0.3763988354539167,0.47450428604489553,-0.3848593450261081,0.27698127547294576,-0.11573797039768215,0.17864017102063123,-0.3107669467129068,0.20223007970535598,0.6712567711902658,0.558287358781293,-0.7543821637142204,-1.2369259696337391,-0.050360535735099854,0.7999295842531948,-1.017368931147047,0.014034223282794411,-0.724162765342069,0.3467684862057644,-0.16712111048165965,0.19475338306456985,0.2942804503202366,1.0244036288706106,0.2217476436821951,-0.3629193845855849,-0.1922823270157369,-0.7324818224465026,0.422657081624798,-0.8703423649195625,-0.8778629181725383,0.06216668730540462,1.0197458060997937,0.4642301886580044,0.3821376047608556,0.6292454048786693,0.5377841032624358,-0.2597507757779702,-0.5213409860551259,-1.145397608023337,-0.9435839796292196
0.9907441937371293,-0.6601801548317996,-0.602316639657574,0.1551105681023415,0.22053296999054484,-0.69441254789363,0.0026395610960753945,-0.010825129663834879,0.6025637269620869,0.7750792235364616,0.006849932203208509,0.16754523193597137,0.4618340586815377,-1.3755197151891412,-0.3472513397350384,-0.5202448394307939,0.7474519787489634,0.4202140869092152,0.12830661134284357,0.35239978153836715,-0.7426326086297275,-1.1492211076322438,1.3970048278950802,-0.6451983935208059,0.004163047038621685,0.22976848539723846,-0.048715240128976475,0.6868049142061211,-0.8052193064102773,-0.6255986564037659,-0.0017767538988108485,0.1390832660833744,0.20192776787579303,0.06192663538041614,-0.8659735957696384,1.18202721169004,-0.9786459746364392,-0.7289056353505883,0.008720479502875645,-0.0933319813237967,0.307775976713677,0.861670387912626,-0.47144394126215533,0.2730191288894176,-0.11707719890185858,0.7908370525460945,-0.42015494521586594,-0.4855669045490928,-0.37131283241644053,-0.25631070236225295,0.7646831937689244,0.5964060690835621,0.8333142252207867,0.007249918273592477,-0.66625925952842,-0.0360254422740932,0.45448166182662286,0.6217486361973029,-0.19659192241958134,-1.2118009848266873,0.008858535491708149,0.06973118339903706,0.7487902455906849,0.08420239909904915
-0.5135359386580874,-0.29416224367473665,-1.052389834717187,0.750742088536638,-1.0507156002349989,0.6114651568171873,0.36357877625794804,0.19620645889438423,-0.658057053442808,-0.2555734124065144,-0.0018500363456641605,-0.35980427797482667,1.4032951046385989,-0.4675737540989479,-0.6413525764339473,-0.10868330886048425,0.5463767172503137,0.6562856612645678,-0.20300385727793346,-0.570657165052359,-0.8462208412780606,1.093949749594523,-0.04594708666990593,-0.357299882655037,0.24396662903504962,-0.9607180168548247,-0.592538973405559,-0.7931432455844443,0.13774628957345061,0.816873951675841,0.3955536635819807,-0.22572063104015289,-0.9928053531503616,0.346699009996134,0.32569852536206123,-0.3346443809423532,-0.04824081395171327,0.07438185001173724,-0.82050398248011,-0.21495038836310254,0.04714074944218014,0.16421255050297934,0.8489932537914335,-0.11230476621893729,-0.054314951865268836,-0.2826220022461235,1.6246047550349951,0.4826420404297825,0.8331293609716216,-0.7605719259689253,-0.7007133758178657,-0.16775117503801554,-0.1736371949214819,0.30336950902268967,0.06344684656307138,0.7222599810912619,-0.17984083211317273,-0.6907862299227258,-0.9679904809989399,0.41452841252793554,0.7387198513251495,0.2936803373558403,0.2990579271447233,1.3388008659217203
0.5883526893064513,-0.7864051812014664,0.36032760198922353,0.36900120776212314,0.4919011565391191,-0.01670009717529313,-0.3308388521466062,0.3874687022994869,-0.2820815209323528,-0.4051764944230817,-0.9409063995978072,0.1493295477610638,-0.055413430349088605,0.2949348129743268,0.9826832152581899,-0.8994666294769302,-0.08361824206640393,-1.0257479838610994,-0.42884061990987277,-0.4854117334449424,-0.7514501567206562,0.002362955760314189,-0.046025404048446274,1.2520377578814674,1.0132320115944011,0.5402002819171902,0.287134242960137,-0.1477135516239924,-0.7662098252039752,0.7154064696873913,1.0435111179195697,-0.5267437320340173,-0.48923985578571255,-0.10731742980383147,-1.210827761686456,-0.49244924604268286,-0.37981721211248004,0.36165350902072757,-0.3608799634603347,0.10193957727766566,-1.0669061685968082,0.6181935049860048,-0.792903094206659,1.1862519603890875,-0.7321626447975091,-1.0332992667905647,-1.0307305524466475,0.8314262514796751,0.3951088539560637,-0.27140609917584163,-0.9663064789292815,-0.5656490228954696,-1.0752634204293778,0.6601577751421465,-0.7769912975962621,0.5214467461095981,-1.2726674869872663,-1.1468376774952513,-1.310511054212691,-0.6863282212947622,-0.6227234950660377,0.3064081064571847,-0.037750059403688044,0.42397620610408343
-0.304882935201908,0.48663338342038226,0.531804096979132,0.6730808483117839,-0.32433485727510114,0.883470235789613,-0.20378665720521077,-0.7131832720046679,0.18813234236482285,0.36353158217043846,-0.3181656475073482,0.15393975121019224,0.1166640325901867,0.1770503843854874,-0.14285293987661685,0.45595158026202687,1.0045969326845212,0.0546448575913415,0.5876013003442931,0.4903291906696559,-0.3958537671030324,0.5348960840068079,1.2333564793022602,-0.829510878977711,-0.6228234690336278,0.16306489710103686,-0.9377349538604605,-0.2165239465023601,1.0892768960234693,1.1902847261428537,-0.2632944968641383,0.22347084468934927,1.314432430303592,-0.756288895994871,0.9147420475075951,0.19608725912214145,0.9720881598347635,-0.046900280006878896,1.1768170971097802,-0.375980198892121,-0.37040838615811955,-0.6002386221569289,0.5107079262934239,0.957519199558384,0.7695338476535459,-0.5376435501031884,0.852042275105526,-0.4716254097535137,0.1487260486814141,0.05637858752544534,-0.3868900897023107,0.14278626655116078,-0.2510289324502439,0.41321536575274737,0.31879787724754444,-0.03741002481997715,-0.5670601193768418,-0.9328271777615016,-0.3749689177079754,0.4535245614195574,-1.746619176634884,0.956911433528057,-0.1309920122235983,-0.028233657780771595
0.2972004942623541,-0.2881139707054018,-0.6378491556940099,-0.26538135278159874,0.9371665698840832,-0.7977774618479174,-0.2709731507274858,0.4081774416636278,-0.4649070098267542,-0.34967341364553056,0.6471969089216835,-0.7084590444380209,-0.8591894484979317,-0.807138720607399,-0.5385226770144604,0.008398254074517726,0.3427479467898028,-1.0012907716625414,0.6303907972732256,-0.3431192627603836,0.3741608979456573,0.30754137874808324,0.03820519994748523,0.4201910387393586,0.900112984328876,-0.5044998722111742,1.0403116568011133,0.5187620839845797,-0.037906855693083226,0.6191851916087361,0.05870983812404565,-0.45464381096913675,0.24221659241702026,0.5032078524921952,0.8628412178080413,-0.41126465869062445,-1.0809925893520536,0.5679759172197597,-0.12288889453704542,1.066668685168097,0.6404093876176823,0.7826535494139784,-0.045381538884235816,-0.25871641661842304,0.5888893472999841,0.2609590147964958,-0.9612589819827284,-0.8842781176060839,0.22270383004601702,-0.7854562731528122,-0.5227364985938534,-0.6409754095946475,-0.5669992709959327,0.8820747192537142,0.3294525490480938,0.35630416016369354,-0.3295570116018506,-0.830335839615747,0.8240193698614311,-0.04837787482471135,0.03379642649422654,0.6523360852585671,0.28318210428214796,0.6206023975943826
-0.7196325356940262,-0.644895864499226,-0.40426859001422305,0.34071445767707637,-0.7065892862253256,0.3773884043436252,1.31400194810194,-0.818114108814329,0.5389478686479144,-0.020589069554810057,-0.6892897115136923,-0.5608383568971645,0.0730573441856095,-0.31358813080883785,-0.7309497222297084,-0.2760893547113001,-0.23247055413201656,-0.9051833682986685,0.06885204572702587,-0.04205339285188834,-1.0548759427597318,0.31345379990088074,0.3894375134373625,-0.6581311609958518,1.027281529630061,0.5688584787620725,-1.0018453957571647,0.45604859494804906,-0.34140681572249865,0.630563291783616,0.23639518247271388,-0.4554643081493573,-0.49387430040081237,0.7763132487581841,0.0852627205708282,-1.0892455265714522,-0.5095879809408727,-0.6796111254830415,0.7633515683007785,0.925995502210348,0.9822201879068597,0.5601931114917119,1.0473138030575702,-0.7194906159110868,0.9158827580324425,-0.43224310680595684,-1.1745946759849801,-0.0033453891219721137,0.13517403349750282,0.5154793651424271,0.23873688878272165,-1.2115029730563518,-0.3852343121411849,1.4071549127982523,-1.0030899659405401,-0.9987609642326754,-0.03389722909461731,-0.4174618797666214,0.7349175939150702,0.42414120163802327,-0.1910393357543091,-0.09701298952816623,0.049527049240717005,0.7987091300492009
0.7224766647247436,0.06732674829744502,-1.194335247593926,0.8761092486976507,0.7816752731285014,0.017856820692513046,0.3567118813824362,-0.9577098645775951,-0.68645886661826,0.7333792366312313,-0.6252986726777084,1.3119244562944634,0.7159468975255849,-0.7003329345835566,-0.7067367427378158,-0.18481306418413876,0.730069002310679,0.6465935378279384,0.29709715868009584,0.5804638519986697,-0.29628919146546717,-0.4888285348172357,-0.3452802889584372,-0.9723154347812819,0.6807671991288702,-0.1597639383691177,0.5578155228818723,-0.1412976479403034,-0.7053587517620368,0.22179477578778814,-1.1298985417642418,-0.8826430271264943,0.057292207459340286,0.8537112512665679,0.39848294986590255,0.3238115094177352,-0.06084689845538125,-0.0031249114902559758,0.4075739589705597,0.21146421171951316,-0.4591623997631033,1.0829496583968714,0.8462207497894382,-0.3296629150894209,1.0629915440108277,-0.507668738816752,0.15105865535802324,-0.520701367014713,0.2434371322865046,0.24983512852084455,-0.9716079405535805,-0.3856204397090631,0.004308062910307381,0.6170150076831391,-0.5568369898973287,-0.2645541959856251,-0.04161176769969916,-0.7479286310083073,0.05692468742606724,-0.0361496189367103,0.12172493144597481,0.8072478117343705,0.04771498977113764,-0.6132028782617192
-0.09506285713564115,0.13341029965244597,-0.8974010449340835,0.6740278367015149,-0.817954297193155,-0.0008863851877190393,-0.9898474833098462,-0.8105613906541473,0.9803295021505815,0.30140793755080747,-0.5571672779446194,0.6672463115859328,-0.03012486930460112,0.7152991572818519,0.2919222928946137,0.9850102466439434,0.8593753672171768,-0.22423608454014035,0.6495779327702467,0.45248039231320325,0.3017883258126061,-0.4602822206560242,-0.19232540510256932,0.6805963061812674,-0.07481765656610226,-0.22744003292368142,-0.9385982279603852,-0.234757100867496,0.7254741029570021,0.4478004096764132,-0.9257175396803553,-0.26877320446410197,0.3917796062733455,0.42511745616988417,-0.046129700730191035,0.5338589819283284,0.6097985621536807,0.48188725085462863,-0.4585187097256208,0.1012267705856135,-0.29086648903769236,0.16828475000110604,0.6769604934191954,-0.936460162126291,-0.1415978137018225,0.5298265054531843,-0.7631040567420182,0.3437095189723987,-0.6802255320053218,0.2339246349049001,0.7253310143680028,-0.8628902708881687,-0.45616764796884873,0.9827257915405694,0.34170761765603747,-0.020955268589345884,0.07135704799900419,0.8927882678851756,0.16540768909721318,0.2930568058009169,0.9403757243461663,-0.6981796689276115,-0.21606862564094664,-0.41961265510522994
-0.9251901561501592,0.6093501515105861,0.03173655484982938,0.9490931716428955,-0.3331408523581697,0.06905945182301852,-0.9060929395689568,-0.6754856548619286,-0.21295971346153716,-0.9151650359774367,0.7994453735249575,0.1796927443677391,-0.4187811170180301,0.7752299655585998,0.1087660951573251,-0.24303631387091912,0.605878261739154,0.39793020487991104,0.603919529494831,-0.847521765005578,-0.37678413269629507,-0.9722878147677365,0.3786059853161762,0.9453367602407325,0.22809621271917113,-0.8308919286203782,-0.28107004584888173,1.3153892104950553,-0.004325344045572747,-0.5460522048390463,0.050745054487346584,0.3490169265811765,0.020814733161011033,0.14466510201034474,0.9685031471648983,-0.30969956215513234,0.7834532346539146,0.3139214533744617,-0.7496653045568111,0.7441138161708916,-0.3682514945156897,-0.1070060794072833,-0.39486934129347956,-1.4429417150031525,-0.2762851494176567,-0.46046267408255903,-0.8626788382899852,0.24022129748307125,0.4551381293988222,0.4316258076762858,-0.39986184434414657,0.7123228808321929,0.5772166126995594,-0.06942257229590529,0.9345752694104775,-0.8521459857620035,0.2099462059499009,0.3901144384312416,-0.23492697811491012,-0.5778655990520838,1.1618200473243052,-0.5841466039623721,0.0948787488631306,0.5327185177162321
0.9138374436609175,-0.6036611852366918,-0.6600672781438138,-0.36774537163511073,-0.6766342626940998,-0.04409205888557917,-0.7250076495713742,-0.4900630500979748,-0.5992977027016492,1.0299570210839486,-0.3945731905527533,1.8283938089112883,-0.31162410765060244,-1.108402553036781,1.0204799168653467,0.3144801354320041,0.23273208935849737,-0.2135240313847751,-0.6348194726140679,0.4170916632174346,0.9034855315997897,0.27255408777680845,-0.6451772064449488,0.6026362555033853,-0.06725111569407688,0.3901079786380047,0.216812171142601,-0.6603641347623666,-0.30998954832085374,0.4836229051946468,0.209700313431072,1.0919374360122702,-1.42444688518164,0.3742069093168797,-0.5749705769495855,0.15749851893236771,0.8019902009503926,0.26248899135309617,0.3784046286035976,0.47488410840643014,-0.24702999025479183,1.276133389265736,-0.04690101433009156,0.9535831371345054,0.6657398337196677,-0.6956337130351449,-0.7234698686496707,-0.19064130622467465,0.5857855068365209,0.039299685237183135,-0.31399398715795807,0.5775430270304363,-1.363510889487774,-0.17419054882329651,-0.8292745027326626,-1.2300218366263123,0.700435923947729,-0.5197220239802091,0.5891291015598207,-0.3145578451976156,-0.10443275321474622,0.9058153096316182,-0.6392404281769172,-1.110698775935831
-0.2967371616195399,1.0149087057275958,0.7883399806087763,0.08141890193347141,0.39864266879798577,0.521329920930962,0.08843292404436356,-0.5552632972675982,0.03013268928415495,-0.4159977286063642,-0.3406120318642531,0.3404046494837917,-0.5531410714658989,0.7969415903159348,-0.061947013182695035,0.15982439057316034,-0.25804727237548386,-1.2759712018672533,0.7256209805896728,1.0525705443486357,-0.3377470560276564,0.3593731556995598,0.8561141097666927,0.3198725627802282,0.6894087900812645,-0.2448593920956476,1.0701673016425726,0.584783417150163,-0.10698981558700506,0.742407221314059,-0.27957909727624036,0.5639770693637006,0.43244712116743544,0.1673140549944745,-0.3895261469624451,-0.3808727649047239,0.06421831246299804,0.9812032018190362,-0.2416716270137599,-0.18394490682301098,-0.7366645449865028,-0.6213392526789865,-0.43732849277873187,-0.06340876983838796,-0.20843151297172247,-1.1651112100261913,-0.5324331607590849,-0.5645482239929279,0.6639524791887721,0.762312562933909,-0.18344486677381724,-0.3914189853475467,-0.46841870448599743,-0.9296518457887483,0.08493218036235402,0.6779146154566873,-0.8101405318838283,-0.6703835741756482,0.022874894950102413,-1.0504196575103626,0.9809639504667927,0.3089972885347113,-0.8619279930285505,-1.513945191763793
0.7969355821024394,-0.44815900802055336,0.2187526629784771,-0.6480099242591936,0.22028454053189786,-0.05488196993303619,-1.018062282385548,-0.17179969225805275,0.4786945670305051,-0.4978716464015426,0.9649407454591664,0.5864238258833592,-0.49004913875944445,0.8087753934084083,-0.38409123203979123,-0.5534532540595032,-0.32633559989444444,-0.33501465925850005,-0.19034373746056954,0.017904025408832715,-0.743022525799758,-0.6238231712580908,0.20775513368347232,-0.25128283277183416,-0.6488865776021809,-0.27899142658116066,0.9810187087144356,-0.4364571873683578,0.44852504464009285,-0.8548828682786803,-0.8518139063151354,0.21262782606050487,0.04582816859660867,0.22352786711072523,-0.27654157259375944,-0.6445420656765607,-0.17174095322025484,0.34105269359824164,-0.43503689932453155,-0.7530389127637941,0.30173813767483443,0.37555043802702187,-0.6673584931111538,-0.6392618775738869,0.09328116124128305,0.6825266488416322,0.6276601755057486,-0.7823513471391429,-0.5949605069058489,-0.2985102396682291,-0.38383540418777945,-0.306066605417659,0.020255760185726005,0.11503531701178715,0.5933286132864045,0.20923783473455262,-0.684527012078922,-0.7405483500434847,0.41531604314498083,0.26551207685604494,0.051874113660494665,0.6942901973231335,-0.3524536931501859,0.6003257048767746
-1.0130652205494475,0.15565713449826676,-0.23418305751286958,0.44009346235490027,-0.37107982470897405,-0.9836105421969156,0.3005509258460623,0.47628100786054034,-0.47767146578472924,-0.25653210379550173,-0.7803115616211995,0.6930296477587891,-0.09159227662727157,0.3339117143421771,-0.052410179207690304,-0.3000802370189323,0.7245504609066579,-0.693908252020272,1.1068116037858744,-0.11895345896534627,0.8912769359993833,-0.5475148508454537,-1.2581163108854552,0.7068915455924483,-0.3269802640885659,-0.04491953519103682,0.7230039253853209,0.4097707330937624,-0.007686729331393775,0.492127123471506,-0.8738609063714485,-0.6933652741801208,1.0110058892256957,0.5257315038887528,-0.7106264274579743,-1.0424697132658023,-0.794178274824013,0.7688879717836855,0.6739807098192124,0.36378769075496536,0.20970403188245296,-0.9060172602526368,0.5985080146996189,0.28019142892537047,0.4289347294659043,-0.8933523619918344,-0.4056701581312757,-0.6362908018234164,-0.19479706776493866,-0.5502160859970138,0.1531473038456426,0.6472153873065091,0.05679706532441418,-0.6732518885163685,-0.1631446559216473,-0.19224947977389326,-0.8943949912035547,0.6210527801762405,0.8542298346135709,0.4673341037412118,1.3072064928386147,-0.9871443825185153,0.09321466629325195,0.5349934905956332
0.4079820621983233,-0.823819841337423,0.7529018801314595,-1.3103151302240308,-1.027297041975796,-0.5601522539010472,-0.12024902076967518,0.972838824042744,-0.3060164036084191,-0.3214009039558561,-0.6516624207314282,0.9930566129089134,-1.0484687628648555,-0.7735068339087899,0.45190204384061916,0.7186631389753012,0.7435585268578895,-0.39476067282603466,-1.0541388104670837,-0.5494924456038671,0.4331509104131653,-0.1235456477639018,0.427881482004104,-0.2925231398294311,0.6990122312926325,-0.14955891233458207,-0.736056043707677,0.6610383431896559,1.0353096958150505,-0.9867025376908928,0.6600706710710427,-0.0038147087219730495,0.5617453360265174,-0.19852559268144018,1.0906132954486678,-0.08553547826369834,0.3513377648125935,-0.052871000645061464,-0.7727186677187081,0.10854624682856737,-0.6395405071412923,-0.1257202573707814,0.6197065719955469,-0.4840096477033727,0.0807686581459636,-0.8834360481086804,-0.7851895675775128,-0.20476417382980722,-0.7441084779347188,-0.2059799191642828,-0.5089777011361729,0.13204289877577088,-0.2068892488944647,0.3800620518267693,-0.5412181114844324,-0.518497066586413,0.016941032138468225,-0.8545297921451979,0.3531092216336032,-0.6250844596258894,-0.5950730675638268,0.7716758147008147,-0.437472465409611,0.11825352073591343
-0.31084295574963233,0.14371872665881757,-1.0344761833157987,0.27166228430885925,-0.10603279065891756,1.0546125738126904,-0.646149533707363,0.5433154409038735,-0.5676688129816032,-1.2510942859590626,-0.6416073445120389,-0.798774060053383,0.7387267725113873,1.0619294015820446,-0.20423607745067388,-0.35897600234675964,0.08617997151107239,0.28340391056566966,-0.6758740641698012,0.6193661162975191,-0.465247974844902,0.5867227300722753,-0.4706260936254313,-0.3670156101358895,0.48754901862705385,0.6526089478045224,0.7912417764379135,0.5981510321621734,0.7068426663118247,0.6739774796506401,-0.3711484533299961,0.8942872885480807,0.41104608438877516,0.6731850554240317,-0.868788261512715,0.7493635915494864,-1.0694674974248417,0.18751356481855716,1.1697401258423576,-1.1051088858503986,-0.8895244929961054,-0.5549568694479436,-0.9060434152185751,-0.45024458816984664,-1.1758894498678507,0.7780547547944738,-0.8599352620987241,0.6295303840633919,0.5282116592890799,-0.7055718894914644,-0.5340673409059025,-0.599886486348147,0.6438527929346662,-1.1562209699267458,0.46394583926415633,-0.9309005452889837,-0.180244576596701,0.8905072463854191,-0.09683221276298008,0.18488470238290358,-0.5343357252091683,-0.9665392158690989,-0.9356480879626609,-0.12221650757328273
-0.41996731243586866,0.1899093922570055,0.6645877592163237,0.5141451355588746,0.27394158009174824,0.07792424089098951,-0.455430121464718,-0.7260119651459646,0.23703341687184742,0.8961905050628024,-0.7471958435355017,0.28076074490753916,-0.7195786867902108,-0.902130223698311,0.20023627384491519,-0.2218620718718355,0.10390424925141223,-0.5225783375989224,0.19940951695920067,-0.6209075061142758,0.16492330152223614,-0.4722065314900625,-0.7226945752943121,0.8603976198557834,-0.9060326229342347,-0.2256407267163395,-0.7192553003528969,0.8264946140879731,0.14485103978402955,-0.6137906682903135,-0.2383042637450745,-0.6288255837438002,0.7019600987045724,0.7589214699140283,-0.7507101262115151,0.2006285639645036,1.0159460192044572,-0.9237162386832283,0.5167914112582439,-0.8792780433802471,-0.5617976497735454,0.1576072231848859,0.4106329674477656,0.611289604892572,0.03380541279464486,-0.694371835911011,0.6465168592787403,0.414806366213855,0.33315339356044044,-0.07520601802822399,-0.45944428102777113,-1.012239636652744,0.8673993919344325,0.8676192905612155,-0.7681616642324217,0.7116381208142529,-0.35079006098204735,0.615513884824451,-0.24523402986078682,0.9450622971546403,-0.8885958739310877,0.8535251341560047,0.6984944829622193,-0.925043896110396
-0.3598598031238579,-0.3214165120754316,0.5555875124693845,0.013361695752144688,0.30033862661955935,0.24569609744680213,1.524419609219024,-0.4708028291431115,0.9773154447734383,0.2488347283393937,0.6339881420216883,-1.158006108714408,-0.06824992286034971,-0.44787324788335847,1.028696005969567,-0.35106919612331045,0.13559359964784665,-1.2963247005717904,-1.5038807247366925,-0.4077860345043518,-0.8872335454703351,-0.6363712195487454,-1.166954352871273,0.6113735619463936,0.11413558880826984,0.6510514966349101,-0.43316236403341146,0.3258472974484593,0.0512141421510654,0.4354777310003056,0.655989934498541,-1.1061296736540136,0.2677022558189042,-0.16288237310466944,1.0210990655369718,-0.5046359486628501,-0.5944827369126722,-0.5665550775025276,0.9543089989615657,1.2371051882465243,1.1243226661444792,-0.10447374120808339,0.3825070000904294,0.6881392449692502,-0.7820264052730432,-0.5210191835832076,0.7109376064582227,0.05066396297114243,-0.6790804937130929,0.6435654272939735,-0.911756949375758,0.8534193434793909,-1.42694511555295,0.27104206272519216,0.00812595031995869,-0.5419521220939452,-0.9515204996184836,0.5066150693099749,0.19579613045660021,0.5193459452668933,-0.23695083393029384,0.19349527262178687,-1.099411839472782,0.205649127674991
0.12108022921570771,0.18798842338751573,0.5576490045930955,0.3201649599313183,0.2567758162206492,-0.4199727671311138,-0.8959562962803129,0.2212371328727786,0.40495634475602,-0.11412845766862273,-0.15752020112347404,0.9074061168742115,0.5225352709399048,-0.8392574145463345,-0.3897005459865786,0.8950298115665037,0.14017928044627115,-0.15948408340536283,0.6769538086746659,-0.5984094971505286,0.016742919755620922,-0.7527772809320211,-1.0760557515391382,0.8357604009587317,0.2962019189483745,1.1470114220360275,0.9517485103821625,-0.6662677222709416,-1.13301485932953,-0.3909714843776182,-0.9035423006399986,0.5541707945264923,0.7334275814393487,0.7231507349280508,0.07076738304372705,0.02293654710747442,0.33963481005522167,0.6339102462268079,-0.609350216894956,-0.9657100702802565,0.892250088726355,-0.2599376944013953,0.5369783013525852,-0.9294966256689317,-0.47700838472984664,0.5475325513486081,0.499857439975198,-0.1618970870349955,0.8402359721833086,-0.006372429568635411,-0.5428362984230319,0.6374737350790821,-0.255687724736582,0.49472693269156287,-0.017146278405296624,0.03119950420384507,-0.7787462218770539,0.8536239608003688,1.0219395644259361,-0.596470568033168,0.24000392980352114,-0.8370330757175063,0.6725121290423614,-1.116081553762655
-0.7467691108042008,0.7433612288745743,-0.31179927886705083,1.6729104629927427,0.00791402639930233,-0.39536936179360843,-0.11464114894606893,-0.04728193981250444,0.7855703199817367,0.617095694359433,0.5261384147063584,-0.5049597233290952,-0.6827107502192185,-0.08834696777304442,1.32117056614593,0.9464198169166937,-0.8389248310195151,-0.5266084330932979,0.37341376546264066,-0.6951438752665173,0.769378634886978,0.6013705499408115,-0.6937123430686557,0.9839261601706468,-1.037658541605547,0.6219433886320117,0.6406074710420072,0.8416972769579582,-0.9868398804678812,-0.5532334889699104,0.3441646655199779,0.6579801712418065,-0.5576913149879207,-0.4872369086108543,-0.23552734477195356,-1.1307262490242953,0.5267149659284941,-0.875204340233171,1.0282236725708984,-0.9343945879702023,0.09242672331899893,-0.5129237055262382,0.7877717196005759,-0.6461949125664401,-0.6875315709385423,-0.4239710444409503,-1.0068036654568349,-0.7700924673645722,-0.6234780305961245,-0.843554674187552,0.42661991378489733,1.1477163203232412,-0.9102468237685215,0.07094434868568171,0.3126665753340019,-0.2966317170465911,-0.22480688550663788,-0.22171918545868105,-1.2533309738484606,0.41643902692537155,0.9714614717370676,-1.262432276748434,-0.47725632159509535,-0.7266204703900274
-0.3059604410239652,0.37790818329458226,-0.6780024748926217,0.921929569391589,-0.6287434765508858,0.12356957946671472,-0.6594562862998607,-0.8621942940967521,-0.8145682933090983,0.05997986238864528,1.080454346565272,-0.44313758068616993,-0.3565774421780885,0.5851503449611847,0.042450514901094194,0.3014944900701341,0.6502090133838245,-0.9716442155524639,-0.7513924346355334,-0.7000988353795077,0.5590078451843297,0.4292259528298558,-0.9532662352762044,-0.919292847411307,-0.3733877770682434,-0.309101564360892,-0.42536138697272236,-0.7382448798363067,-0.2903911546144693,-0.21522394833210676,-0.6157199978946446,0.4270743514863114,-0.23004627086355275,-1.1535353825643069,0.3258008270835741,0.8835116894668466,-0.3701899826225567,-0.45359777323018335,0.22526937879911096,0.6754671492265972,0.8334103806164229,0.4210314705549755,0.7773416147143194,-0.24493338712188925,0.11156834483671302,-1.2703662590990557,0.4998250597651695,0.1658325466108713,-0.45562107970750937,0.02627580528415688,-0.03762380682385448,0.6404661719484508,1.0388744437169573,0.7255600904042953,-0.7627422792059753,0.09370183500529258,-0.8498359924460418,-0.8793774376799888,-0.9114459841132072,0.2681885656416187,-0.3418984417959893,0.004525397799659701,-0.6841862894004527,0.5066879880823589
1.0560124712331072,0.5468117373348304,-0.26616934773020673,0.4362345532789259,0.3563034332243535,0.9398838430630273,-0.6368290354187035,-0.1178418815938573,-0.34410557971216993,-0.0837571629768295,0.5967274357072885,-0.33510621447238936,0.05504183031607024,-0.5661968779264601,-1.018437483921668,0.11071292157379399,-0.958322778477481,0.7361345042352864,-0.2917196425895357,-0.28334677960052224,0.8058528655744199,-0.8755645100435876,1.0503558781044853,0.8895927648228377,0.09810659740241322,-0.13236602567463482,0.3519728371546042,-0.9156762738255347,-0.6803927006394854,0.6090486958334991,0.6459660791329489,-0.5045626396968065,0.03306908585132376,-0.7122445677872682,0.2634542812844292,-0.7598278227267424,0.4754271132095369,-0.509774213479012,0.6104359103451745,0.04369212784078413,-0.7820693298518113,-0.4140546203460116,0.20185474346153012,-0.9368353656965221,-0.8820541662669171,-0.5546924544621797,0.7667998245030727,0.22983047981988244,-0.9471156421572399,0.5464140718407113,0.5679357085418832,-0.773118560150766,0.3384288435391196,0.006797527753273701,-0.1813097076129872,0.0032216998564121124,-0.3216181145943409,0.6857854129840952,-0.5540691814378913,-0.10568842365575493,-0.25922149784695037,-1.0261870354438742,-0.899125008695817,0.48499733195157607
0.4719436849694643,-0.31795174869756676,0.17505122284027805,0.6058399159526761,0.3075969433662572,-0.02635355974511592,-0.7554623554206754,0.3397151725149925,0.557352444855075,-0.16102161110222765,-0.0678727681150718,-0.4930635220164716,-0.9889097003054128,-0.42796094961418807,-0.30970288205126906,-0.9809611772880139,0.2594581833095385,-0.6740673865899108,-0.4291429821841422,1.2038186305865053,-0.8238564985662193,0.09103544898491252,0.019134030569403822,-1.0038867823750557,-0.6595304400033163,-0.2881815716812002,-0.04549963489769527,0.8676322955939214,0.9697246134225477,-0.8199843209405442,0.973968926325702,0.7134231025333997,0.9143524111385638,-0.6791003028555571,0.8336803691249356,0.9858218067595154,0.23788879984938446,-0.27122307554808306,0.8945176764297104,0.5839254143989897,0.899500416589863,0.301709967609898,1.0974844364687553,-0.9390298005428439,-0.02359365554447729,0.42308318705220316,-0.5727105199431454,0.9704232250440925,0.46281608915592526,0.21211946427760378,-0.13817475163730308,-0.7144693593801974,-0.06839458231883355,0.7322390124808549,-0.38893527272551703,0.9878683450301241,-0.7480886406558328,0.5473196527031599,-0.257125266647929,-0.18909803420537077,-0.4809072512172019,0.7870930674935076,0.15827379117945398,0.45085853670313875
0.9442839231246757,0.21950661246292025,0.6866295331904727,0.6402173661817646,-1.1610801410474916,-1.0437074705180478,-1.0475402097471518,-0.2527971915083648,0.8782889984868733,0.6389925233905523,-0.4986383347957828,-0.6743899135921805,-0.3331451523111828,0.08529885643184214,-0.566458981301172,0.40068308427383603,0.6515540387044663,1.0277057008715929,-0.20243691212937534,-0.05655697551486692,0.4904337283633247,-0.609868819108454,-0.5684318686502733,0.6508380878556246,-0.02764748850014053,-0.2579105073506834,-0.10202370698735655,0.9752593843538613,-0.38908128037263534,-0.44143158637229307,0.6687643372419844,0.5227157171324119,0.7019142266375094,0.5591855466561414,-0.38125122502321407,0.20355377688551607,0.5812578736585083,0.17487266151546638,0.6844003757437322,-0.7120362434995687,-0.7412600298009481,0.45554319175924457,-1.141076233435167,0.41742503052007035,-0.023150640124967734,-0.13267133557247743,-0.830936509377187,-0.5806259934501261,0.29635316588038246,-0.032143054167829435,-0.7863758660153115,-0.8553540139226465,0.533741496937356,0.9642120936927974,-0.5730058222566015,-0.23892428717203987,-0.4731381974786324,0.3396096847276013,-1.2228506777869812,0.040075485380969805,0.22051369073641205,-0.5971689492720146,0.6734895915362058,0.5516672412764985
-0.3300159677867159,0.02583432588742076,-0.35625474663052753,0.35644611217648775,0.7028605693246985,-0.12500319269301327,-1.1306190155345621,0.7103529689623096,-0.12750751581622202,-0.1346026710588004,0.908422479614282,-0.3207476309587709,-1.1512938474340297,-0.3876042065206603,-1.02949643455477,-0.16199767501761334,0.4957387742701351,-0.009880670128996055,0.12825648576812526,0.22297358477708615,-0.29637769478318315,0.3851776569302584,0.9680037392562404,0.553261706805674,-0.7980111094588013,-0.6694360520007825,-0.5188295925811073,-0.020530890044806956,0.48397556922730145,0.019582638952601,0.5256821905778806,-0.670956000831532,0.31839011187784005,-0.8764979191019483,0.32189573941480104,0.2824809337298685,0.41639511603022095,-0.7690613022064263,-0.34266499565779485,-0.2673632154482248,-0.9681279987638131,-0.15109302581352427,0.033243381317489454,0.46460969423450094,-0.4068380633100475,-0.642943220812911,0.7258886849992364,0.6109126866093433,-0.7148018096643066,-0.43196708333790723,-0.8870766955728213,-0.6918828358654502,0.4471771516163744,-0.8395798680979061,0.766212987511178,0.9135633731354442,-0.14789802480187367,-0.3687910897837989,0.2699626110314075,0.8360384472586507,0.3617825565230454,-1.2078402891410494,0.37547356192087056,0.6094800692874789
-0.2520778761033528,0.7672650509277993,0.22882038676685135,0.6896247092889327,0.4407582340384204,1.117881968999113,-1.1097187835854305,0.8123155937766708,0.04848389347455633,-0.18783667450053887,-0.15959678609377803,-0.14467103857462896,0.00887228342667204,0.4568540734521438,0.6181250747872007,0.5061171155524915,-0.5577296625675011,-0.7015795016506868,0.9935436817194101,-0.7357206954883933,-1.0999150881319926,-0.7297513701540734,-0.6069882533675494,-0.4067387792787315,0.8386109378370777,-0.7114785945006707,0.7228409646114022,1.1577986472509685,0.5721598036997144,0.36827162397354957,-0.38435544716854186,-0.48472563653360523,-0.5026303911506816,-0.35312782814917104,0.6102942890294157,0.8626711551054059,-0.4597469011859902,-1.0648590689571127,1.0155748535682572,0.04378741614518863,0.013731717944517144,0.032885024944569755,0.19765756805187168,-0.2939669388892406,0.38345540592062893,-0.26975931193985647,-0.4521764526773428,0.039718034284619196,-1.0753981579870227,-0.048837548892170325,0.3829297204613943,-0.1096687305333723,-0.5318660859139158,0.2775551257946625,-0.5829229563063372,0.0865023191344281,-0.864959358502432,0.5285140566991238,0.11026726050808246,1.2714814096696614,-1.4068929790982976,0.5038620672663066,-0.2577560953932476,0.4877536825371764
0.36462212442976266,0.9455671731793519,-0.8550215688617703,-0.07998377230105831,0.07416512120763745,1.0363769315490117,-0.9490502809381037,-0.26024428552529877,-0.8534076219410651,0.424660648616851,-0.6874387462849944,-0.14565849560414268,0.2397317747523233,-0.9687216812408672,0.6916631880246193,0.5482605326094968,0.9313526703726729,0.0027542274353367186,-0.12643828988001302,0.7875212039282522,-0.16843613879316388,0.4845906848027964,-0.48815217955382245,0.6301727847786108,-0.726686607922555,0.2831179511222926,-0.5523816828186295,-0.8481840777833454,-0.7491800565690255,0.3371803967991065,-0.7117006953411757,0.42724730164085395,-0.9992949872982821,0.10202597031250916,0.38664235047356355,-0.21320439961129448,-0.4862591315468572,-0.5071532891283321,-1.0515202908395864,-0.05129167252301687,-0.46965235467083327,0.7375945283461847,-0.7101903835454563,1.2048131175304195,0.7479496433487204,-0.35132548545413417,-0.6346421168365697,0.9557045280453742,-0.25798574745606195,-0.19231707576719145,0.5668786400012747,0.543366580299161,-0.4228562338003058,0.3998264594106725,-0.8043993932835138,0.07495228899810007,0.6131931416208242,0.4924752485287643,-0.047512629197572154,-0.7377847670612352,0.6505485558557849,-0.7477417828375904,0.6793550412926314,-0.3594000407849023
0.26201846957456976,0.5835173720483969,-1.3771912771815165,0.7714496179989894,0.5041783008172818,1.0874144836601078,0.045155169502651214,0.39942585541956166,-1.176201360934766,-0.13491343547666065,-0.044471477806441784,-1.1058727727043471,0.5426920609784907,0.6752547112175078,-0.2212237614774626,-1.0699765925683775,-0.9464509886730216,1.2892137308155507,1.255009060920881,-0.563079419510121,-1.433266112373232,-0.20950800400687958,-0.34109962349756656,-0.09991951301450201,-1.1478274670144646,-1.5041763703683362,0.25942414518426526,-0.01394991584104858,0.5807239206737975,-0.6717301491540966,0.3610557477019063,-0.12253168126494247,-0.5262647445688238,-0.4816289595501227,1.0103070663306295,0.2664780367328349,-0.20013563627051184,0.3946346197964997,-0.029071528097613354,0.7522009230135867,-0.3959718244717205,0.835161839322473,-0.7826766169477467,-0.567481060003697,0.720158720202196,-0.21219395027510146,0.04531706847008104,0.7296318681141546,0.12621304596010607,0.28252381377892777,-0.9779063491372474,0.4634648727782153,-0.3451668289636948,0.36800620316342875,0.7343425258371505,-0.8804634307855441,0.16129659361685206,-0.8179015940617714,-0.0005464549058365759,-0.4026869852911476,-0.8124346052646111,-0.31535889173134524,0.34036190715286296,-0.05993264076330386
-0.48569289226715223,0.33159558600310207,-0.3429752358029463,0.2928286026423073,-0.8252196166941518,0.33818102990279875,-0.8619460289436912,-0.16095533066940595,0.7727357516721906,-1.314390411450167,-0.7163048929314509,-0.31210673670630323,-0.5630967426717114,0.5673708539488164,0.8529535613889634,-0.9381800882363973,-0.7317121758976202,0.6516905384109623,0.43820051211615413,-0.01909921582785632,0.864998534673333,-0.5255932000673197,0.966097077665996,-0.6483592163042141,0.6212995721632422,0.14590345149742087,-0.7111752720098422,-0.10997783334705905,0.9045140767142048,0.17597568990152776,0.7301600191834977,-0.10651563314273052,0.3445577891048621,-0.37389404322877995,-0.20736188169320266,-0.03461369789200599,0.22100188035220927,-0.7997924393933447,-0.015031621221700726,0.5753794020775596,0.1732662470972836,0.6389387984526518,0.10139061892523302,-0.20906257211025095,0.2718114659503395,0.8797263941839717,0.8833201358736278,-0.06803068394596157,-0.07673051671518584,0.0034008375767312126,0.17482764804671397,0.21129691955342897,0.5035930582370564,-1.0930317561062022,0.3150436768202604,0.40167401938349545,0.5026085231731292,-1.1033176766920971,0.7816583502928423,-0.1815425136988664,0.47597106453574095,-0.02969694919133472,-0.33906561828216264,-0.7270141419739763
-0.60255131216615,-0.1837391719283265,-1.91941084695302,-0.3115178252070021,-0.04024886430480537,0.22579974576580839,0.03040774260176691,-0.4563483037376459,-1.0501220274703358,-0.33206460177066677,-0.15444896268438377,-0.4594597345100289,1.0839065327616473,-1.2622654530685,-0.08999695069911971,-0.9896445522718813,-0.04013842471839698,1.0401798965241968,-0.04142476937088515,1.10481895420445,0.482683776596131,-0.7726725964623031,0.036254166176496364,-0.22789550449159532,-0.8994733280848588,-0.4222861774275386,0.12762608437203146,-0.513189149090883,1.0723851859295819,-0.529191485109453,-0.7080905072256442,0.2958713618962155,1.3379253118257195,0.04997702868749647,0.989173948401522,-0.7150782097613213,-0.2616551069795865,0.6274586452559009,0.5270345406400893,-1.1057495705225184,0.5385961852690313,0.26971918008280954,-0.09570179407522454,1.0210825582084329,0.9716385147982906,-1.2860023716493132,0.31245588521479095,-0.5632088956980181,-0.08739354565510776,-1.054951446470877,0.7986056440270725,0.6833163588041465,0.08572343161378142,0.24040288410050487,0.358946585625803,0.7899963079707639,0.6018834331295029,0.8476530194103634,-0.6831509761560008,0.06333266303011714,0.6516298163881631,0.23330547917307135,-0.4580620149637052,0.35759858431193653
-0.6643599941490353,-0.8488413879776193,0.19130810235152237,0.09958846494969756,-0.5898698259427231,1.0530759677969002,-0.929137533178815,-1.305951941221143,0.1809933421771767,-0.4868880884057255,-1.1203863060898844,0.7272687550676096,0.18822580534612102,-0.17981622685153162,1.6751470936926003,-0.8655583811391279,-0.684252003560499,-0.4768905370104449,-0.08612416317794577,-0.925320072582091,-0.06614235874260396,0.020317654298482552,-0.3908232708998808,0.7175303992741756,-0.6408579240129917,0.4818549195607009,-0.21387755790456348,-0.10942747463403965,0.21667826559855316,0.46423674402970566,-0.45168685725963176,-0.39271288089062534,0.07224330297248753,-0.554582041543529,0.570301880142619,-0.9691722456527093,0.6975991067435404,-1.0064861815562178,0.44890568673465225,0.9469576864713836,0.9916804905120576,0.2365340176199639,0.6124958315062273,0.15939711442936907,0.067252540218589,-0.7133878879778275,0.5967785612117059,-0.9997781538509982,-0.6911757435593804,1.2075605554902966,0.6671489584903125,-1.1463056104963736,0.6988352310737148,0.11076322158251078,0.8714662619024764,-0.2436098555945996,0.1606316097469329,1.0604225279959336,-0.7088833069189109,1.0838446155553394,0.11185174182449552,-1.1322889786353836,-0.8614950281020194,-0.01633000949021765
-2.5544483368664984E-05,0.416458637648446,-0.5453508934294193,-1.04445781640409,-0.5374310131652473,-0.13807790177757756,-0.3139626113129533,0.5555866367225313,1.0501643075757887,-0.27443834119588817,-0.06107091441252172,0.8826725984558932,0.7169854913613904,0.9940416370686238,-0.569085730279584,1.039755111756639,-0.9237741237484083,0.8767808774822984,0.3244080285461474,-0.7217450117191699,-0.07968309292382385,1.0442385782375592,0.22593309585191815,-0.17555710205170738,0.8095535811912401,0.5073029539989913,-0.5810234132629077,0.858509830450473,0.6048365084332334,-0.9183679158402199,-0.4264064572536405,0.44483709644457914,-0.8259934286459663,0.02519162308708147,0.35330092540394387,-0.7708124835395965,1.0040219622175408,0.22852992178547912,-0.8641985577752842,0.03771001666920724,-0.15409175123519148,-0.58954656335655,-1.1644529318812873,0.4958174267929967,-0.32017627871398885,0.5354874404497971,0.6445702978073831,0.6177795339322127,0.09325117983693242,-0.23670789131617312,0.7382457701692833,-0.211987616912608,-0.7983312432551041,-1.0492480826380388,0.9021848192118397,-0.39768102517884507,0.7052624534430287,-0.4886401907475279,-0.27442587505202054,-0.991460153797283,-0.38116122700484706,0.7413815108756596,0.6797989021263401,-0.3238014099460518
0.27946656391295255,0.6661216817465532,1.253686256186352,0.1738369075919197,0.03955899899003697,-0.21065238556986587,-0.639604265568706,-1.0829174046076955,-0.18930149612407163,0.4098989902109343,0.9347630610751523,0.5524712185226486,-0.47186947289138337,-0.44924895928888536,-0.16209846093385213,0.40103461295054954,-0.9803341221325753,-0.23817385951949985,-0.7450950019882395,-0.06731322009979139,-0.15862095498562911,-1.0699960225837837,-0.3299146670793981,-0.583262688144383,-0.47606919474534964,-0.5070341851947503,0.9581720176870023,0.48446692236130834,-0.20621637797022094,0.7145467896371206,0.9834965718443563,0.917831699418894,-0.1099925005262142,-0.5877048569634671,-0.16826677214289493,0.3195313430977946,0.6140803671673346,-0.9978624281062835,-0.18756848533102605,0.06927698504354762,-1.0533963004636937,-0.9985417865894719,0.056201332064120466,-0.7625392776292841,-0.8005944880331234,-1.1771228228732862,-0.6445883911268814,-0.22902388791738942,0.6445547384450625,-0.08596171365916733,0.14305664518133718,0.32039497053198757,-0.05228975531336436,-0.5689970044971948,-0.7608915949303277,0.05683725327886996,-0.6740433345296049,0.9221277993911032,-0.536683509388407,0.08472272126424663,-0.14753554510229358,0.2549321022928323,-0.6118174442562234,0.33099147069963136
-0.8025656681811324,-1.1861143009100346,-0.8439781144762032,-0.44470453265074555,0.3566736330874361,0.11650631321093566,0.08627898945377235,0.6696992582100516,-0.5850922331452884,0.5144476148041236,-0.011392596591938248,-1.1920021918479247,-0.28212110673857704,-0.4587852321410443,-0.8520602912060126,0.45270412711724256,-0.9880069824565908,0.1722592302437359,0.1338580524602054,0.15496316538735053,-0.3482949125944686,0.5532476849617057,0.14234432575698802,0.44958468729208323,0.1449589256751908,-0.4969812123681607,-0.6185228915965748,0.04567040741564078,0.04102144885512496,0.2676064588032175,-1.1506058291168133,1.3530197996990936,0.7391477385875477,-0.010608733975595652,0.49435903532225867,-1.1070351258881561,0.7104034341683201,0.9499516562870495,0.5492839630200664,-0.06555675356631324,0.6164871542878992,-0.9001874931671965,0.8056738203975946,-0.15585316078165878,0.24213149976700638,-0.6622576926974982,0.576032416930327,0.23725992257891254,0.8140890159391421,0.7436283488324876,-0.09675450452819587,1.2560751056134751,0.10106005917931271,0.35939598149206536,1.2304690800027789,1.2241940534340683,0.4213374141046018,0.7706021510426969,-0.26781867967472733,-0.06351592993348984,0.0464973867185006,-0.5600839390490568,0.13998173360928598,0.8799777666759149
1.00371947485777,-0.8764296799421594,-0.2664184130180157,0.7110146032554738,-0.9256789839213797,-0.6539851420643612,0.8502470438240083,0.3586994954162827,0.34637603488077623,0.42510845137658,-0.5535691439068957,0.7694425601551014,0.8174034986528145,-0.2890247609290157,0.7998948653007428,-0.25083057539449716,0.8193205590504492,-0.5212825587955031,0.5639406193892436,0.7293201002015471,0.04889189150845017,0.16616178391425374,-0.8693587676320143,0.9997921030287706,0.5965770008455754,0.636410341811798,-0.5102871004520165,-0.2225488080177753,-0.11185684297412832,-0.6052909859276118,-0.3639604182204147,0.5882678533107971,-0.4948429109358633,0.1684153953901006,0.4958242429925731,0.33675451805820517,0.07664544807145829,-0.798868040781931,-0.9148601068360943,0.6293917331859851,0.12169125893422006,0.5160384512339695,0.7559846033339719,-0.9109557658480965,1.2145937974587488,-0.48933975831438603,-0.2911415222227857,-0.20539953719709658,-0.28123024931873053,0.2082526697232691,-0.6169165205771364,-0.17321720166199986,0.7815064022600122,1.1065591167677418,-0.6702146771605835,-0.9951318697761898,-0.9925942909747333,0.06617853877133413,0.04469001945879415,-0.7305332736810133,1.1979055311425928,0.2777220078113374,-0.01923419283846519,0.390696849235208
# Layer 0 Biases
0.5781595214317486
0.17165332990848217
-0.9123714120236098
-0.43896763686961504
0.23197222403267545
-0.5488755382194315
0.9838318380469843
0.5427357786571171
0.579685458024919
-0.41279447109625816
-0.5234513611122105
-0.5753945936384419
0.762537424449306
-0.2529973946147932
0.35519066642841923
0.22427817042466278
-0.8819384691688963
0.32324116465627745
-0.0941590612912027
0.7468675883381676
-1.0017814190630774
-0.373809026831134
-0.1061296903919341
0.5318397636704387
-0.5729822084117616
-0.38534115026846044
-0.4002539756931104
-0.14264022888501024
0.7557883579910156
0.324274239724154
0.23676359304945668
-1.008952028135362
0.4882491796956035
0.7599408963333827
0.6059344042285502
-0.5050394538485626
-0.12714996830046796
0.7394297540867156
0.36442293773440404
-0.5091955971848052
-0.19569438471416553
0.520691606614699
-0.5795859332380422
-0.9134329927434786
0.06115277523737341
0.0789931943200937
-0.9249625099866237
0.906326120393
0.6362400141527792
-0.8355869531315689
-0.23444710206000582
-0.5256267712124664
0.4544340967188606
-0.6611361798348397
0.029177477930050526
-0.1478705889272118
0.9020635155002972
-0.2026848999510161
-0.23045334479488683
0.9319228835437405
0.9168754893624912
0.8094321548882807
-0.5291345139051029
-0.5615226016163101
# Layer 1 Weights
0.2477526609627027,0.03059827668276223,0.3300484942392829,0.495422764840875,0.1579999534794324,-0.9548326114231414,0.10309568020728667,-0.05872374625084711,0.6788637704158141,-0.43820847039871397,0.7744928641696036,0.842381923822896,-0.7203684706290241,-0.24349894722664941,-0.8675871715594118,-0.6079555531829521,-0.7845851252586037,0.8164751079287297,0.7116530047934839,-0.49015701899238434,0.6634668407991159,0.12594000597292204,-0.49558234697665277,1.059580496655146,0.4053667785436384,0.5614778638932852,0.09390481221379625,0.023080473975773605,0.1589858236665329,-0.42551555425525467,-0.24360781236298223,0.725293740792232,0.35452901977739437,0.5366151358435973,0.3981660980632239,0.4487904155899041,0.37593590854275133,-0.7945967838993867,0.21468736538374897,-0.2173151128979926,-0.7685110272544021,-0.6086952261359966,-0.390907507382493,0.6499408224111431,0.16813771040233116,0.6557195878421131,-0.5920455315776171,-0.8130508220653622,-0.524285698225456,0.23268566636330817,0.28280923135713637,-0.8719821097715261,-0.2633407226717209,0.0691323935421863,-0.29737006127558946,0.5436296181480617,0.5155423786051804,0.2973772851188201,-0.0542362982987871,-0.3790845508354895,0.6743426539382472,-0.6662957586059222,0.4658512688027689,-0.8203834926157032
-0.3641387143257998,-0.4728811362846236,0.22478711124834846,-0.4839255045114993,0.06568622763312745,-0.372816701901018,0.0339749280087746,0.7011916144002642,0.6123411559207993,-0.9967443083729938,-0.6526814316947674,-0.8815389873305395,0.9106764653200389,-0.30112055798436627,0.9676307437066979,0.12153590342938238,-0.07943152647888024,-0.266817289304698,-0.4378056832708012,-0.8309980577213637,-0.6192091808940435,0.5047029124325161,-0.5889100310504249,-0.6771774825704465,0.4095367587204868,-0.039216876112157725,-0.6884190899594265,-0.27407645397665337,-0.4175874757124652,-0.09865134759044968,0.6238744436486576,0.5939886729419567,-0.7800411659676931,0.2566317828297526,0.9319962277326106,-0.26968709510108296,0.06201003561775098,-0.8009017357332676,-0.7763234623034423,0.3515656986380656,0.9129841761869314,0.37016883158451747,-0.7478902370222383,-0.8174219940589927,0.22015870737830803,-0.20753831825924526,-0.9249499290594256,0.45588310669733123,0.011650782176734632,0.18351548901645676,-0.48510356402539795,0.03685127760494759,0.5117706549102458,-0.5501038897909849,0.8902339861756715,0.49918155348722315,-0.49977305995156224,-0.8339026307313603,0.5588099445555685,-0.8410790267443014,-0.05302947868332372,-0.2958435532822395,0.9506382973886399,0.35590046854099094
0.2849663143674133,0.18707789701567504,-0.09250044681146254,0.4410722325707074,-0.7440577343516999,-0.9046141484581557,0.022095734050808193,-0.80936619894473,0.30510209503192864,0.5886404110371234,-0.6176772408929959,0.8662887061949882,0.16238596274422593,0.5764237443721769,0.2965849073042771,-0.29448951184878647,0.09037943324168542,0.5542542977549686,0.6615432597551506,0.08088084427864589,-0.6991304953372371,0.9018876398740754,-0.9684739178723469,-0.30906870623027294,0.10019851609972089,-0.7388925029301472,0.821567613508555,-0.3916374404046953,-0.30240732240840934,0.2257848138654244,-0.0022930660281267764,-1.0281739286987204,0.367909183312974,0.9463009847493197,0.12377376209946013,-0.5499400333346326,0.6013290695912008,-0.17047162912723055,0.465282227575937,0.2671382556874757,-0.9016373973330194,-0.6069132367594862,0.6751040923984989,0.5753704463312994,0.14182909472160046,-1.0107665474243452,-1.0467557394453215,0.274030573257954,-0.1399089152394254,-0.7772772472114168,0.026430044352556793,0.28825315520515127,0.611564745024929,0.437070204892184,0.5367139362243842,-0.11601320627900964,0.7059530337358165,0.03988718038240249,0.7505940573292088,0.663068831720213,0.13501703749081645,-0.16752630085876882,-1.099713459749965,0.4217984432409686
-0.4859805809490078,-0.1767245622777862,-0.23514559424670006,-0.7845598235067265,-0.07408829766105077,-0.9115216810656773,0.6056485169187553,-0.8565259188173928,-0.11093150621235873,0.2495068157505634,0.8923431529713199,-0.3268710511850976,0.29292372492250307,0.0930427165427742,0.6878980912452771,1.014810893055375,0.6287349646583186,0.022973480997313247,0.75426471107124,0.2712455916002909,0.2769004828948374,-0.18608772682676514,-0.6338609974908569,-0.7282210168515575,0.594121475208782,0.5257035548270571,-0.782186435057262,-0.49423615337343124,0.4706824528960901,-0.036388130937738294,-0.6262171735335292,0.1350401704226279,0.5684737870855731,-0.753609058609361,0.6787926669210773,-0.31709326515886893,0.6990815885795154,-0.9461418401654975,-0.8196899475944737,0.7204189318679878,0.9211648289949289,-0.7925572254756013,0.5251373877864659,-0.06531758407713628,-0.37674399244135864,0.06749946328978544,-0.14722331874841788,0.40918172295195504,0.03244520266254543,-0.7712469007939523,-0.29369333091255717,0.7730990996067336,0.6030140378051515,0.6504751390766028,0.27307220201755544,-0.8643554985884891,0.8538814669227748,-0.8827022003851899,0.5789028605282055,1.0308491257134704,0.2594533977453537,-0.06043854208943106,-0.453043338877106,-0.626420619091325
0.6403915455336262,0.6534954001603583,-0.38179397733119147,-0.1379668756415112,-0.9303008222623245,0.7777205059722512,-0.8929551205899962,0.34786073523963856,-0.2675197036875111,0.7510901408769654,-0.09327983613102794,0.19744768011534095,0.7721065316519004,-0.8192793000597942,-0.8974407287856768,-0.15979644014302594,0.6542563014042106,-0.7818900193898992,0.8503804108412248,-0.43238868237996564,0.6120374132207415,-0.5620572795072424,-0.7441833086732692,-0.5652269925562096,0.6898366551468963,-0.7042429222878416,-0.9764677373291281,-0.984334421479692,-0.003706566261275227,0.2107705383034796,0.18530200145779446,0.9943445892380356,-0.9611606789526745,0.9492541069132173,0.13825209713536227,0.194800496137876,-0.20988603458186325,-0.04066523284816191,-0.9905269348846246,0.2588329155086898,-0.8869288605619312,0.5985261022563307,-0.1509336913045125,-0.6566001152534876,-0.18313701440490684,0.9431479567652806,-0.11460913447323301,-0.3514218884355853,0.5392812952814018,-0.42085427085241645,-0.9198800590856195,-0.5710690642574526,-0.12461821504614129,-0.8458972694296006,0.9958494679091454,0.4917298799739509,-0.1638661798485128,-0.5265170913937647,0.36750702512698646,0.8729881631514231,0.24932093436379762,-0.7273953124408135,-0.18249099099898872,0.09677110281620131
0.2940434029424576,0.14502300179940028,-0.05135350048167462,-0.008993776019203537,-0.7642535522129242,-0.35668943322435964,0.42980896844524064,0.5060605779741633,0.8271035866114079,-0.24703365878814515,-0.8974042385722151,-0.5027033012809208,0.0569672645993703,0.17808508731031236,0.36515228587677273,-0.9940185226404966,-0.7297055794854379,0.2952410923133797,0.5008790378512826,-0.699957043083491,0.9057563929189403,0.8528697828157623,0.741271639374358,-0.5817772524048775,-0.31475498777609423,-0.21610703948421311,0.9157446354404212,-0.6728590031504609,0.5632362983327298,-0.42251755142712344,-0.1143648462174195,0.6516307797300378,0.2960892998272599,-0.4298844442481943,0.03286857797257862,-0.5447015480179134,-0.17171820988108674,-0.1792364983220336,0.10548317315449682,-0.9429823642130307,-0.25910998185268114,-0.6087106773540881,0.4580627932951934,0.6917162891817898,-0.4192427114759658,0.234079572800105,0.3669898904880675,-0.8344136442370382,0.5855619046570131,-0.6505097912099307,-0.39809533737267705,0.6122047658344755,0.6859022211314229,0.4823606155935245,0.2845729857484841,0.8064941097152495,0.2329749430539262,0.07015468310934239,-0.23056040844068745,-0.0538796012288558,-0.043978644532109236,0.28613130061764014,0.8143263831138855,-0.4797803098373368
-0.554642560379018,0.16815175422769493,0.7703118698850657,0.5674240671716614,0.5346938612850123,0.5513554166346702,-0.3378885951103701,-0.06606415109051293,-0.31553048412506546,-0.3778640328805505,-0.3877964294799259,-0.13696343002126066,-0.03808501865466097,-0.012131232774392877,-0.13260268697451041,-0.6009657680207553,0.41950218602407285,0.8718647266771211,-0.3380854767098178,-0.4663682315681633,-0.29150019325734466,-0.830955171774233,-0.3203690208019832,-0.6178019226131553,-0.6960873995307331,0.4517858051362481,-0.4606968312246081,-0.6806817527029657,0.6300857847971131,-0.7447650369021123,0.7293890913770956,-0.6398509387850816,-0.044363571409944694,-1.0487736540493,0.7720035597683104,0.8947552576355724,0.8816483632523342,0.22747055847590428,0.9056723443707473,0.8148986537947516,0.040166366255948334,-0.41625317577671134,0.3399553647225051,-0.868729873515738,-0.14718585725135616,0.8241328725582192,0.7786971461011336,-0.0016957253412952125,-0.45411539310026605,-0.027356467103595048,0.43351944917459545,0.7790880040431456,-0.41312069037694527,-0.20661570595526305,0.030886903977197636,0.17764224923867677,0.8929580182290838,0.036551309629703564,-0.44377102248405403,-0.3856186129837122,0.2647657730388126,-0.20437336646670706,0.07349522369666317,-0.5990658967849036
-0.33464202076226274,-0.8452889956755856,-0.002746248935990286,0.8562634777375902,0.06143009699259257,0.7530862020466783,-0.5068157241775889,-0.4916859879286573,0.879748317767408,0.6957876833293132,0.3334705006191211,0.5429121804175301,0.032514252580273406,0.5632482790344284,0.6878168517153098,0.5736318470569415,0.39424245602003444,-0.7287062260153904,-0.9544565952872983,0.07536846349980081,-0.8188465491412459,-0.8129501477062202,-0.6329431302105337,-0.2375939222325488,-0.8398200954458189,0.9627573293340155,-0.6204667916646617,-0.5132467412094814,-0.8746404944816487,1.1006130842345776,0.7726731272811168,-0.8506821841768224,0.06845675016062541,0.5222075703763693,-0.28928368495312645,-0.30116136212811345,0.9111488765763185,-0.14380386390046954,0.04986117856692434,-0.34182734764608974,-0.9412381813188296,0.23892241075746282,0.21473695751179456,-0.7415068583045223,-0.3402617831255533,0.2414705060477644,-0.4898800215841125,-0.6025934874557765,1.0186749776870596,0.21910249344103347,-0.3877902436360755,-0.16783414324674517,0.49535361972782005,-0.42447360064545336,-1.0081588359224873,1.0836927957401705,-0.6018235820562906,0.9620020404451287,-0.687666576358621,0.6698170364234027,0.32918231222962824,0.21756294571242185,-0.21794243091397503,-0.9662876181166858
0.06196599826608065,-0.45142802794009473,0.3000334357359325,0.5180123721121693,0.9372302905044133,0.8193660471924926,-0.20577733039371876,0.7766998345172549,-0.8181303627315062,-0.7091316774105985,0.35326513919083014,0.16664416075041405,0.3095154748817925,0.2880261203555678,-0.09626662437665483,0.5403250634830012,0.27496740415392795,0.8646666851153068,-0.025975169799452094,-0.5328611246024849,0.7839555906548407,-0.7326454861862733,-0.7403284755264639,-0.09453603180291152,-0.8696122548935854,-0.4916582482550587,0.8124918041180966,-0.5838907312545666,-0.7946344158848812,-0.777496893392284,-0.23623604548642385,-0.32317003549978557,-0.525625836781744,-0.10952405995107545,-0.7075345665306377,0.6386176218323444,1.0328706903082516,-0.4956841437525574,0.5709145799724431,0.36709093983811714,-0.853690564895848,0.09945587786449993,0.49855441361016106,-0.7195605461761385,0.9122206510601973,0.09271659115136446,-0.5403060910623093,0.7858448811738042,0.6768333302327186,0.5051641115519799,0.5135166689379368,-0.7125001114027443,0.5805777372786792,-0.3324998069168046,-0.11216384541492079,-0.3090575896841847,0.8905816403078765,-0.23762522851982457,-0.8686329435646005,-0.8747230412710035,0.6630075124114087,0.5052099331395838,-0.2170913411258131,-0.2594445626701773
0.00376535470988693,-0.2176384142853247,-0.29451678742624826,0.2902958856464384,0.61938338353425,0.8582163896702936,-0.5380278400059578,-1.086165582820576,0.6673345460960477,-0.6068164426462624,0.9379739617342802,-0.16334674927672338,0.347293534039867,-0.4165099461452839,-0.7281755646472698,0.3717152465006027,-0.20719415331440727,0.5632769462433977,-0.18073765691292976,0.9270924973341651,0.5003262427865992,0.31444363411975657,-0.8928848698230519,0.49989052850233845,0.12387464183535919,0.44060713179278044,-0.19190409144017628,0.44367044965178654,0.4832955478082145,-0.3439299332987852,0.4757500140109963,0.4279745821126283,-0.9545154690745796,0.15342443777863746,0.09349848805144884,0.1700858254965942,-0.8571462775379031,0.047446704430604635,-0.5573009465700297,-0.44525787809383993,-0.5229596023312215,0.27581074003756695,0.26448075205202176,-0.6088997731595223,-0.16038157969590014,-0.8180716521329295,-0.6358601311192934,-0.7494643723411014,0.011787912627403,0.7761028245215457,-0.797776162793374,-0.3591352899318363,-0.2691163822977345,0.319826679873986,0.2884107952695576,-0.9331460897068464,0.7974469291378902,-0.3092729791038086,-0.7192492208403239,0.8744472637038536,-0.35167661657067123,0.17590598821376346,0.6125697328133498,-0.8049766756393038
0.6902799277128298,-0.26463934742861617,-0.2890104900182942,-0.7787910808263702,0.6839850815461984,0.37457594517961307,-0.15426723557128563,0.5021698369908573,0.7388351984775251,-0.8819339223032718,0.10844804075374533,-0.32895013386112987,-0.11771192753810795,-0.4569805779285565,-0.03513319373361486,-0.7360200223478767,-0.4421361583621911,-0.599573772655843,-0.7198485248038246,0.8970195688339622,0.7987325034744979,-0.8326263317679455,0.12336474255484772,0.4878090431622453,-0.36324186050260865,0.9756415187221492,-0.2127861955044978,-0.3269611049434969,-0.09556548556185669,0.3603863728821339,-0.7700083082598663,-0.8169651449210807,0.6992881210374132,0.1630064254155532,-0.14809860434414063,-0.31575129081850584,0.1659236432583063,-0.5002463347567947,1.0403147894118872,0.2959024357999815,-0.2552451089845629,0.8023451323091406,-0.6783759489955902,-0.7770000834433458,-0.4276425452467663,-0.08489626656121572,0.6240853296177267,0.03043546313556731,-0.48385457810439636,-0.31698510344133995,-0.9305826816339108,0.5740342698864567,1.0003854999419777,0.9117635418891178,-0.025161587697066924,-0.41646444564867807,-0.828730477551378,0.08732327035366366,-0.7392370780356291,-0.8444716507523304,0.32060391821487294,0.04276846986029847,-0.17199933735249506,-0.5727145966426912
-1.119352430749738,-0.5224419319042534,0.05087269774548502,0.47982033736314134,0.5440178229821567,-0.06603761875520624,-0.7340237920172532,-1.1077099040266776,0.6056379606881506,-0.17561624859662175,0.7851867305666522,-0.14222520574255876,-0.42203601931612716,-0.012898986067806529,0.7447628041119329,-0.6356579721772069,-0.1514850094306876,0.5947441349779866,0.48134054624686573,0.4628198676032578,-0.9612013642657443,0.4952988808499215,0.3848543023512899,0.5601159350003192,-0.5558515263301836,-1.0454724501436747,-0.5799329803203181,-0.31362275236497933,0.6550323865482716,0.3838805329315247,0.2845126107766241,0.8103503467005586,-0.6525128664879974,0.77400808584886,-0.40351933134435636,-0.37686518058049745,-0.492158613373638,-0.27010554858252434,-0.05701663293959831,0.6047742358651303,0.8276476726901899,0.001462671334029989,-0.5605565198505161,0.12543078335475458,-0.6385330600293524,0.8425407333547165,-0.09913149553487581,-0.9047507643119556,-0.41775514367865857,-0.32512455168895094,-0.5864862773247098,-0.306778847075717,0.8505939360157561,-0.20476408015948477,0.8330264453499219,0.13689463908389227,0.3326244549896184,-0.6895296036512626,-0.09819053779160082,0.03878906467885182,-0.8345421111900967,0.6563655476649218,-0.9427068167757976,0.013318856760528394
1.0562182039553043,0.7635166487029688,0.6814928065650809,0.5260581901319381,0.31843948089558555,-0.7229950083078719,-0.8903203597205895,-0.7271062407464557,0.38834965181947323,0.6343907107614535,-0.6687773469686322,0.31324862993546837,0.07930289763318153,-0.9722670478014316,0.8564103322751826,-0.767282418620154,-0.9311798614554415,-0.40938236400535366,-0.09665335505582587,0.4002551470516219,-0.3578767073919482,-0.2516360609991574,-0.825302201204367,-0.3139951609902534,0.09545377347765038,-0.22334021234779203,0.5491880264240301,0.9185359141929276,-0.8651347083290686,-1.0124703606694285,0.8438905433560364,0.6452480270437546,0.844383126612414,0.758781050071234,0.6130976198876557,0.0902306777423483,-0.41544509134024943,-0.2875528062101846,-0.26910389124164724,0.20312601304976813,-0.7497368518955088,-0.606504778871595,-0.8728599640837269,0.22809628738904442,0.13958202697515726,-0.6961035319612217,0.5976166817419001,0.15484812717289223,-0.07277507024055228,-0.035313816994731684,-0.46878703153333995,0.8302259779619131,0.29943230692979184,-0.4911735879781511,0.983768898482982,0.7374016014207835,-0.7724267144869641,0.15939280525785596,-0.17395606450578635,-0.7528905228220893,0.5479341025819334,0.45886715155590596,0.9293608782187777,0.9210077761042861
0.6034126154302,0.3686041541711139,-0.3875428925836105,0.5930264634431963,-0.983136982813828,-0.1654405757939136,0.6737544488878889,0.8670172485109306,0.4763968239577134,-0.10208568907249069,0.8413318137600824,-0.4008113323771968,0.02848040669972083,-0.04511305269401964,-0.3435965906983407,0.5139263033344921,-0.8946189547453008,0.5295239932567233,0.9275132355840484,0.5820299976771871,-0.18254399097082064,0.3556741488813116,-0.2217655159628065,0.06271918512653399,0.04030826328750848,0.6507478145994438,-0.066886625269323,-0.483558704455107,0.03066590396000693,-0.9585574747133047,0.3823372638799327,-0.09512862277940398,0.292538969468568,1.0460316430503194,-0.6426452770198334,-1.0339199753121562,-0.9511559806586595,-0.7291524254722436,0.4733992124214079,-0.3031015172517725,0.0028911246496300027,-0.2400547404476729,-0.4974423468127606,-0.6694880127072365,-0.38758465353170535,0.27928060395658383,-0.026193287823143337,-0.3706974517513729,0.29747169826690495,-0.8725400973105253,-0.5754085485562046,0.3615354274432864,-0.06421248512754427,-0.7374185146886982,-0.8369007199229044,0.5392968560589342,-0.7622683044434408,0.5137487078598892,0.7910779401646822,-0.15280752069775402,0.7091695656075995,-0.00451833999743792,-1.043442442405827,1.0701930688586065
0.5688746806347265,0.2615437656029466,-0.67099087126446,0.9623415971171444,0.12628353716457533,-0.2095322867673986,-0.4913649484706006,-0.3983126146170465,0.8046406703351628,0.903958526638748,-0.5806304604346948,0.7272066563140976,-1.0896109268372083,-1.0614217358424274,0.4425847141027118,-0.7852900066505756,-0.7859946319341515,-0.7174710280925444,-0.8403443490869742,0.10274387337155858,0.3922628328547326,-0.08453131799136665,-0.2064271156456472,0.3662092234963726,0.24509786370791273,-0.23944360170055062,0.8070472324985996,0.7965890713423428,0.6183781243665241,0.8404554738063483,-0.005706883047379772,-0.1200803867378239,-0.052265119659216874,-0.12519174462704133,-0.7719105726458901,0.43206993517348247,0.17893337677361168,-0.1491993025119773,-0.10471185729102502,-0.7452310790836185,0.32303547217186346,-0.4920247691279887,0.7060616216951043,0.6053160484952099,0.5602848665347931,0.17458822478308916,0.871869774286273,0.055959157642732564,0.8696879832235158,-0.6253974619042807,0.6592161820720558,0.16187076833253813,-0.4713919826632628,0.5686261100203809,-0.13451840306567991,0.4306842333193776,-0.5946163954874816,0.27222167151867527,-0.37293723549897967,-0.03403121238652604,0.22190472310755782,-1.006981103449373,0.9903341441442443,-0.7840228939540141
0.2956272782354445,-0.5843218945434061,0.7714124589548474,-0.754158117136502,-0.6215830130942022,0.976947228876957,-0.43213661825288635,0.021295099566341815,-0.5237652098317146,-0.6984809346680324,-0.1617288640161292,-0.8195936744015997,-0.5983477829756145,-0.31020270068487715,-0.1905989792617572,0.24934543630089626,-0.6067332469857882,0.6271572019663828,0.17240040459012515,0.6402784686566722,0.2212575287585234,0.9164763361962313,-0.3145202865138071,-0.17966348261357223,-0.01866418741090701,-0.48774863212613034,-0.4335269081495815,-0.43127697500811873,-0.8803463501668716,0.21498860525268088,-0.6093946343740564,-0.8537772421049935,-0.2034826340433429,0.6795236695350511,0.4726892932488614,-0.1788345134253105,-0.41847389022418846,0.9659641158405112,0.043869322471765525,-0.7230324021403474,-0.47073118851544005,-0.5390194592251871,-0.8923516257142077,-0.5964141243906652,0.24748266434547087,0.017958587506765593,-0.46984961959882177,0.4329836069903739,0.9218263342657574,0.8385686216437815,0.76924492398546,0.3735705828795319,-0.32296138448538103,-0.24527425224370283,-0.9579818685274063,-0.6242791048634477,-0.968020149845937,-0.31867219842862854,-0.05666126424229628,-0.9625313107564407,-0.9199334356519518,-0.7881493889697738,0.2530015216287523,-0.032087544595497765
-0.05380236353451182,-0.5153270610765811,-0.12595317117063293,0.1681443699151604,-0.6206767508425107,-0.7781917660323945,0.29598637404301265,0.8843949277886768,0.023289872346945833,0.3342579550984295,0.6041163462561973,0.5383390110702011,-0.5509671219644807,-0.4649754036482681,-0.1391893573352014,-0.9460096187224372,-0.505137297134245,0.6124765301475097,-0.14528952366682896,-0.7458858668151923,0.7495721392570224,-0.366840562714373,0.6748231190734446,0.7688311651109153,-0.525840840349981,0.5360434794931684,0.056165677261687856,0.5264097451144732,0.5893876694779695,0.7755903971164206,0.5083727351389378,-0.3798646364876074,-0.14963133137322346,0.7229733683199165,0.6256437901506436,0.6396011809379071,-0.3535658731741735,-0.1509266951103761,0.6967356575661743,-0.8243419824650504,0.1696205387229079,-0.9249427109807975,0.7105434811598662,0.5648673830918408,-0.05410055139635121,-0.746053167829788,0.27973512562144826,1.0728879816576884,0.6825712248155873,0.4180154546530101,-0.36254244814238096,0.14208926487937865,0.12178754367995284,-0.7788481800508048,0.22778429803093392,-0.13184420000883082,-0.74623187717501,0.2262042195082736,0.491361487882427,-0.19449568926961386,-0.35309217263375725,0.8974211771537556,0.44521766218179976,0.2416779991414928
-0.49094785356875525,0.507950647785221,0.6637991009771739,-0.4381474496244836,0.24054826289299677,-0.12620609130366414,-0.7626732994704705,-0.7787808128326437,-0.7114104641193767,-0.7305276257794764,0.3261761134569256,0.6274614949408625,-0.83493975415636,-0.5076027607046919,-0.3816087729612533,-0.09050293270813893,-0.8259846414487487,-0.25106745561879584,0.7431182530417231,0.3596389562343928,-0.41250867308819156,0.01940236832157177,-0.6177161461841604,0.7660810708354396,-0.07499211210930659,-0.6831041941523214,0.99650413767684,0.9212196979625185,-0.26390457351409713,0.587542935294023,0.38210528498084545,-0.12140170913918101,-0.33735892258486183,-0.7397187060491971,0.9196528021604399,-0.7862014324653875,-0.6597905356017332,-0.6047075215434812,0.6709328653639527,0.7836866792395232,-0.7617399375957347,0.797501374296591,-0.5931838363671316,0.4277456759995189,-0.9373183562960709,-0.6399231584790638,0.44407327292934057,-0.626880938806989,0.9146194540777428,0.8306551393119791,0.3875327584563113,0.6417642716476878,-0.46091716228336926,-0.9008933439182828,0.6391137272119249,-0.3507528815489569,0.5126342423838449,-0.633293387361583,0.4399328105888266,0.7677549344120842,0.7675246217029414,0.26035978287854744,-0.8720407653376656,-0.7533112737678951
-0.49614828697617963,0.8075665618270292,0.6851050351169066,0.42253294544156933,0.6483716146224564,-0.003821579666639719,-0.7208150356645237,-0.0027590813433925193,-0.28596461318835525,-0.08220779455362817,-0.8653818407029243,-0.029392473377302483,-1.0400671608339191,0.890966452446804,0.00916542026064389,0.4029819483640296,0.40433032582590156,0.6270918601991962,-1.030229436107961,-0.700636254015832,0.36001519467534715,-0.5441651064369147,0.9280058692402896,-0.2299349480588669,0.13965702149480333,0.36909453352794397,-0.4629356010795676,0.8991505307834596,-0.05696694917013917,-0.25669729100520244,-0.6306065989469289,-0.5481905824289152,0.8434277561683778,-0.7954543642454549,0.35823168119869214,0.40421451507339623,0.641159887750882,0.6655279927836266,0.7169477547030001,0.017159546465561212,-0.881777035662251,-0.9732733953098928,-0.0021454336188144714,-0.07658933494791642,-0.1713103715201141,0.5600898876286985,0.24442679477250753,0.06402149731204246,0.04880300064378463,-0.6598423646695876,-0.8067385755643415,0.15943690729025287,0.7763286221824425,-1.1342727102676042,0.6798591063121678,-0.03666852693009481,0.8427011811719463,0.5787886918233076,-0.2650243014415649,-0.4407376637578122,-0.24741209565430394,-0.7645623197320527,0.27493979269369373,-0.2023566179924893
-0.7152983188520528,0.6882677284123325,0.502096504229597,0.44083366646396954,-0.42408315798937385,-0.42587360856659195,-0.8770364181421401,-0.648859421257352,1.0338798190755614,1.0942300051467133,0.5305855278094188,-0.5181863144931816,-0.046555098778661166,-0.27770786673479586,-0.4149147512886009,1.0073072240994403,-0.18884306927306188,-0.15903725368844332,-0.8078754175854105,-0.5191880885093194,0.6893150735902759,-0.06247601258580113,-0.1852780777152922,-0.9843926328084724,0.02196796960620184,-0.8383375041330454,0.715624421769185,-0.5442498993923583,0.3446303195294294,-0.3076065093146417,-0.27696709119090596,-0.24371021810097876,-0.8627633974911977,0.17221386792638418,0.3176927639805129,-0.3900685266457977,0.9053309224586594,-0.7359669434842214,-0.5715707515658928,-0.11943794157004205,-0.16521239088774703,0.6991439859415197,0.4139011229843405,-0.5725919360532418,-0.8253243041008504,0.37961592778641057,-0.8408282808702825,-0.7590846119218162,-0.629432740027757,0.7448896379461445,-0.3123153006950515,0.40861742864390876,0.0067772774915800926,-0.3860939279688446,0.38911220953643616,-0.020323777310155534,0.9920989980464326,-0.3745618308232628,-0.9031397218996056,-0.7342607962616567,-0.8491785774315564,0.5511093704697316,0.35223743425898807,0.7557178948213181
0.9043924304162427,0.04056385539240958,-0.17189887304876814,-0.03414837656029867,-0.26878601637806826,-0.1196663472528974,-0.8969061633703189,0.32606459086147294,-0.036212934969552135,0.9906088572000833,0.9878470536746119,-0.40368015667529883,-0.35320448139695915,-0.6656016418040592,0.6629061703261585,0.9457052812043485,-0.125872405097932,-0.17330151789003573,-0.14438953037892602,-0.5633656524298188,-0.13240436954832874,-0.6612441177097046,-0.6353428660674821,-0.3313874533883114,-0.19471635630733283,-0.6081289115964182,-0.019191066285113807,-0.4524041353114862,-0.7577510578666637,0.48908793653687993,0.5849626948371142,-0.5674339733473207,-0.11624023762853698,-0.44250327230932324,-0.6594675098864332,-0.7729340550299341,-0.04135251069930662,0.7937750920897936,-0.7410123499972426,0.5925258479668593,0.47317893605285255,-0.8943974831108533,0.6051537376244017,-0.48519014855953596,0.20782945938592245,-0.1270746897835895,-0.36586585671840627,0.4227790685552615,-0.3673059559548931,-0.42902022327905953,-0.6385330899880886,0.8259032697848463,-0.5127271290449451,-0.07554437400514909,0.5309607756926695,0.3400813340320714,0.6227529241200409,-0.35526723095650886,0.4782607365663646,0.19460030776165854,-0.6225911726833239,-0.3329472433351198,-0.48895071415800695,-0.4536752520677322
0.11783094892343368,-0.9572338209642292,0.6317633565049737,-0.7323992203041217,-0.7827743268393633,-0.8672065518814976,-0.7941543273610212,-0.7746582032600777,0.64208332728423,-0.7091358333522044,-0.7442197198503929,-0.6883953491553507,-0.3775370134683761,-0.21524682791969021,-0.07787819353878386,0.6663802288136864,-0.4908381537871345,-0.8746562010900497,0.3206595800265578,0.17458844594546855,0.4729739178981069,0.08355001990602301,-0.6225547952041056,-0.14644179711476346,0.973264882506328,0.11431894248492097,-0.06978475034819191,0.578566447920249,-0.4319953392724475,0.7411590775348778,-0.2897660484973999,-0.6174598017867937,-0.27139739591726453,0.25879188897258676,-0.26584722170245356,-0.9602666884592869,0.5823995041833369,-0.8807931564948458,0.34785286556331696,-0.5417244906090655,-0.954710659228497,-0.07948108267908265,-0.6608209045626167,0.13727106966362693,0.5385974194845594,-0.24840251442026703,-0.9274423885811699,0.038633494871185135,0.20625986549884134,-0.8413789015243337,-0.8811498202655351,0.22224231818287526,-0.04243585482223591,0.8717862333018217,-0.8586929072140878,-0.6655439055976814,0.8598127914402761,0.1743839148092627,-0.0053746657762275985,0.16686554318334204,-0.4204725740823303,0.2738417161818157,0.009121668164104717,-0.13887046632763067
-0.9318699333237014,0.9177438851080586,-0.3140795718253698,-0.7248775100686213,0.3864361172863755,0.7032822556581124,0.7631963270377443,0.8094085982946386,0.08713699638523693,0.3000660649466167,-0.2372529149517264,-0.353717482063954,0.810284235911823,0.2821550571025287,0.5283582007536896,-0.6607255095694166,0.9165967811744202,0.06910690027889421,0.8084798286684958,0.6946928086263877,0.6186579862253594,-0.6226870314059277,-0.5380073767100978,-0.7485036384726496,0.4645338715196077,-0.39738569231826965,-0.00508819366298548,0.7498418406598895,0.18325477628359393,0.02691830724645968,0.25442439883880685,0.6120427063553483,-0.16512458957382592,0.09383016295536971,-0.5278549441798108,0.8005055601145213,-0.6531813768574626,0.33471599212418207,-0.3426831542607453,0.9665070990942202,0.9035624059092032,0.15329117149026938,0.1364031448168472,0.45154626793565567,0.8420462878545409,0.3873223041459078,0.07624509755853905,-0.6829912747907072,-0.8298184269051817,-0.4486804163302346,-0.08335191339841824,0.37122471841745097,-0.35419884647985056,0.48997725132166386,0.34431079463377007,0.379138523924058,0.7735283992098575,0.7939696465943465,-0.2354433364890246,0.5245983363985782,0.5735719930427207,0.5475922677122704,0.6022476213890217,0.15031658120503372
-0.9399263886668728,0.4512019775293568,0.14315709676932536,-0.9778971524800706,0.3877280378541491,-0.13498324610204593,-0.8842980739336102,-0.5578627497479185,-0.03559618517981188,0.8320994636345982,0.9629949523744031,0.7041414371880055,-0.9630090984721446,0.34756196858344895,-0.07365641143188198,-0.16881235285378332,-0.027897811213361476,0.22817100264289414,0.8299645740922924,0.31769700543939344,0.5131285025028182,0.6445579327064405,-0.8103408411863551,0.719351026264156,0.5052722371641828,-0.011074178397995686,-0.27206769013125914,0.6154472808907151,0.8857571684963954,0.6085521977588166,-0.23272223038680803,0.529456513431308,-0.24929784091727064,0.6735655468996794,0.5399386587439969,-0.7817170377246745,-0.9297571911982246,0.6749007961221472,-0.25235883681320365,-0.46419316402021793,-0.4361250027915434,-0.6443402283481331,0.04807087713389722,-0.34349351701099606,-0.8608248102380287,-0.9863212049089457,-0.7212805301359746,-0.9670017210595422,0.030476227910155796,-0.40823763481202063,0.4538021260208161,-0.7697005380176829,0.058249537415087954,-0.8350740025771579,-0.25050825610286775,0.08983747937638009,0.6453596851909594,0.5352723174518649,-0.4036589667935901,-0.7339165781269426,0.5421488682665865,0.8792684755352961,0.6251808372512574,-0.794148043609579
0.004159897593682046,0.8338494565096786,0.8630397218579263,-0.512792871804783,0.49333894244832593,-0.58870537099327,0.3173228872377969,-0.41352187648629085,-0.535926693807329,-0.8040818307797936,-0.2836879723341847,0.06195387637604039,0.8089606983854554,-0.13326506907038566,0.24144144724555544,0.5669226362847061,0.1515403376429464,-0.820942675294051,0.47775014179632525,-0.418335824264395,-0.6862245703813135,-0.5195740938007729,0.29446654245023646,0.11141866875234623,-0.42602952739474975,1.044209197528897,-0.32169101799599586,-0.5548682276940557,-0.8475476807020577,0.4728685545162083,0.15646956789660008,-0.7819660754141929,0.7923010653939075,-0.1548263465513797,-0.73743344473986,-0.7875834095205956,0.7990313731108292,-0.43476038083453256,-0.7359649030088493,-0.47343060122626246,-0.6896501913857696,0.6576130867142028,0.25045836526775966,1.057707795177994,0.7910434479384495,-0.5061958059528794,-0.759981933514428,-0.4818430102220616,0.32471826686914207,0.7707800299059564,0.10837221146201435,1.0908499322479972,-0.934947576571874,-0.24397948642675477,-0.05501496333767264,-0.4665394316985144,-0.015805956177416994,-0.638602951219224,-0.8101926016718184,0.18145491937795935,-0.64425425710608,0.25154865859746794,0.21396655106521187,-0.5851391951983362
0.7377899062112316,0.8871097906131916,-0.048865441289524296,-0.02482357997852304,-0.7289997812553106,0.8517285293380796,0.9024404629856726,-0.3668771028850532,0.8536299416958892,0.22574951170371513,0.036111303282551334,0.7333127302089886,-0.5145983948400447,0.8504976585508585,0.08679026307674396,0.07580559945412355,0.8278120007876262,-0.6645594107212127,0.3687480393625899,0.7926748413183976,0.5628180387401591,0.9954887215554753,0.24715615397230456,-0.10376667606402395,-0.9226639161690185,-0.6354046490113107,0.7992510720315172,-0.5149616654438425,-0.2994292268759561,-0.5930858847476492,0.7370262181743659,0.12991682307959249,-0.6028043676893582,-0.37887517540871113,-0.035934575512404934,-0.5414787607982322,-2.983890697721292E-05,0.42969645120948335,0.3393400695633815,0.7076800641173671,0.7224117893331129,0.2104560109461617,0.5883740418543766,-0.42022732029519233,0.9576917565272055,-0.24226693076103636,-0.3139246334032537,0.5791531253161512,-0.8969628363340308,-0.23695505558858404,0.376779830581069,0.33507849691296315,-0.7876754057697388,0.5251365575027741,0.1700159808637034,-0.6662136531535665,-0.8989251656381501,-0.06991560974994236,0.4516436712965908,0.8131307715347532,0.1845052530795005,0.5146193762871957,0.8895149523408581,0.5109684612853798
-0.9674378750290246,0.13609322689133296,-0.16526872512013635,0.3679533883547535,-0.38450210845649563,0.8247077879314269,-0.8255833861363915,-0.558720497638378,-0.23165820592103734,-0.08976387475950598,-0.3307908996152102,0.768104687301095,-0.8583960404388131,0.45671721681468497,0.3151165911434492,-0.5992288708971184,-0.08447215023987913,0.2535044511596512,0.32294212267143496,-0.03603316711659348,-0.591116471463051,0.795967013336003,0.525055316916273,-0.8826863710960873,0.15679275286454372,-0.29633684489545187,-0.12687145643847939,0.4155978549163233,0.5741262770238065,-0.9004618578993027,0.8935150939731146,-0.39277831418899417,0.6285397442272954,0.777347538033621,0.22249647220376742,-0.8376668220577023,-0.272494840425111,0.5362277671699791,0.23044209054334747,0.7677056338473783,0.12138484336835327,-0.808993088558835,0.4962672227509201,0.5008116803073284,-0.01296085452208787,-1.0022063227381062,0.6060348038470418,0.7602271002083352,-0.8890114022125588,-0.8674533437191689,-0.47655340976683064,-0.039470188460061305,0.35364052464550133,-0.1795505878603945,-0.08453079801212461,-0.09292341920954658,-0.4183213392349452,-0.6152623990079029,0.6409767894243588,-0.4255012045415109,-0.7491574193507454,-0.808152467495066,-0.4804196297102856,0.3350519854998768
0.27211208029626954,0.8319922852649148,-0.20059659325209428,-0.796768384209633,-0.3454253503128773,-0.6215315766832386,0.6390680366397282,-0.40985815876744486,0.9219770200612744,0.9944162640937776,0.3392823224837234,0.2761647435439046,-0.23794895101666433,0.47457943039394757,-0.7323715660656293,0.7182392505058746,-0.6879289457967448,-0.48369887950593227,-0.70859078045454,-0.9696920407713301,-0.3839458398943732,0.5036706197417969,-0.4009544285481909,0.13646118647575778,-0.24620839187438318,0.7164578151790276,0.45913230986498355,0.9171238401585746,0.7957100779539829,0.906390171950168,-0.5759793916887318,0.13253893104967934,0.5965291958266207,0.17246314859971287,0.15327406195912824,0.580663682981596,-0.31179950900619735,0.04798605445649312,-0.5763757544126019,0.17212911768106978,-0.07059438104266584,0.05094857298946004,0.8990002878788447,-0.7531449944526162,-0.8857624829753846,0.8514468365822611,0.4968125686652261,0.05062297730348315,0.8277369418070596,-0.5957951716793172,-0.5212950988491811,0.5748727652630702,-0.9765110928473248,-0.04534321372691671,-0.9097431315115976,-0.4812704355219428,0.4193715173566371,0.9186808687326874,-0.26266442519376854,0.8426949967872894,0.706994946209543,0.155123956134261,0.5333251562609432,-0.13184118088264563
-0.1100740194886264,-0.7537722590835612,-0.3724098504460992,-0.0998689545168724,-0.6210246799886637,-0.5208449715576559,0.4859340913841142,-0.5807554112295696,0.5488384619444876,0.4141886790101759,-0.48402163024197625,-0.07912172416133285,-0.38705753606627347,0.0012487524982097218,-0.993766738555992,0.4375994665599762,-0.7642440398068938,-0.3491191741521459,-0.8571651898491124,0.7953140202992012,-0.968511043881092,-0.4147383483378969,0.8523331896307488,0.024147149252500198,-0.526826268081417,-0.2772153610256527,-0.6057011536084574,0.19287714937850542,-0.5963712492471578,-0.7453854228918951,-0.7473036905404927,-0.6428141514900013,-0.6582355765990596,0.27772683762657313,0.28675801839084863,-0.47657554627134585,-0.7807484980498195,-0.5857207151356517,-0.7211638252226452,0.7036029753202173,-0.4604534528180753,0.41536919483686363,0.8966570778894754,0.2346347377507044,0.5347724910561368,-0.9519167040070995,0.4630184562122042,0.6733464626390011,0.30761981765731916,-0.15608542541358394,-0.9399057287368183,-0.9352622487432021,-0.7197503722311108,-0.3720204174234197,-0.07086848827857385,0.5935178038645758,-0.08186994155679399,-0.3071735900045581,-0.8487212855727596,-0.7376169955436443,0.3695864608439699,-0.8895325085206721,-0.3291027057245737,-0.15337709940469593
0.6793235590581522,-0.8882697128465281,0.17218002033767,-0.823407964467743,0.25067049965761795,0.7244720341979982,0.09446689860405282,0.1486664003923134,-0.6312830649927436,0.34893641622721244,0.4868479013368941,-0.8453285245859139,0.3586902789247704,-0.8860406933280766,0.8016883919536999,-0.8747839019297986,0.37131123529226884,-0.5675442361022391,-0.24564759627289073,-0.9048965109246127,0.0813197891386989,0.7307667483861087,0.20644143876531304,-0.9702920061452617,0.9019216926492827,-0.8220294749624829,0.4991036236097957,-0.6898361799705595,0.30203410688537274,0.8749986431884751,0.6971534375751592,-0.008442530565939155,-0.2910396493015938,0.9419345857287169,0.6993300724821333,0.5786744815075325,0.46822648960892116,0.7067268157134959,-0.7194710610012014,0.6728627896401468,-0.5152083573644672,-0.05034613433915074,0.06624572743243066,-0.7925447931654742,-0.21930696290862214,0.5950942239806767,-0.03959846676908105,-0.3703620238194931,-0.3785008950304741,0.1421020182249644,-0.7473875581506174,-0.1642904495304536,-0.8132476667240082,-0.7075543153287819,-0.03392631851850867,0.06689716726075766,-0.8833293129544434,-0.9548482601252476,0.8166365501485426,-0.7339588455698535,-0.36301112935034996,-0.4830608497331452,0.26795358233665667,0.6058586207906324
-0.14804524551723075,0.03424255510291234,0.5391600334996163,-0.5035467546188663,0.2617982757528512,0.8366000447619654,0.9778442300030168,0.3652083242515471,-0.04880714486777347,-0.38404479587533286,0.2051231142254589,-0.03010875985284955,-0.8626270655051563,0.3288278905581064,-0.7014048959778791,-0.22006861672946745,-0.2810086521808395,0.21034691685122955,-0.8842915477858335,0.07256768110841601,0.042937549203023714,0.7907788272200941,-0.5340632461650903,0.3958713986340218,0.36331887802047513,0.27552311624561043,-0.6882447916550252,-0.5564132014031935,-0.55898693732681,0.1361235066800201,-0.3307851481672124,-0.6098629407477169,-0.04957001850166132,0.40328966870554567,-0.8044051074634593,0.10982578604445223,0.12802877724973666,0.3534462423503115,-0.47228432303791085,0.1654523693416316,-0.3769627300871025,-0.5355753257863991,0.3030963035801596,0.6277085895502963,0.8721584784260626,-0.025849508963253585,0.9610044449055872,0.9468259902950473,0.9281875242775506,0.4737172239828388,0.7642639605921008,-0.1959017390775465,-0.4123179643344611,-0.6496958008817663,0.48427942776299326,0.16218914805312828,-0.8915439627792623,0.10042322937878424,-0.3571513495318597,0.26495238597223075,0.8863347772473973,-0.950408782375775,0.19099192203494028,-0.13412440938837214
0.14853332751538806,0.21945319236980834,-0.16030988186152537,-0.7957360615754125,-0.9422643703550561,1.0022126412147583,1.0241796741013114,0.17707088706083976,0.325855325619144,0.942890869964422,0.9240333663099204,-0.24945857912776323,0.2616583437149988,-0.43644983787320424,0.6674788535382654,0.4734390680475667,-0.36486878114912996,-0.5120589836809031,-0.7192677107436023,-0.3306298201315223,0.605382309177065,0.8693391866925426,-0.007748174355154698,-0.0584985571976706,-0.8754654680705525,-0.19825076986348988,0.7417469362468379,-0.003902845555516752,-0.7383642057788923,-0.4134834617090778,-0.03769260961679043,0.3510656933306378,-0.48840329697529833,-0.038713914864371375,0.4386473746852348,0.919567123153453,-0.24134968245310864,0.6722108195541484,-0.713635315322242,0.8342638500736346,0.72233394034627,-0.41827665458684476,0.050261408908397906,0.4650638920318974,0.18426782683357257,-0.6278788594746441,-0.14146082557969014,-0.6815044994751008,-0.9564432674593583,-0.9295834515092544,0.8025834020324226,0.6034181638267111,0.45127837621817835,0.4100119345627053,0.5558384380821674,0.7526830292761802,0.6364062954580249,0.39717156169725476,-0.3656275983119115,0.5992125825458665,-0.23963489637578345,0.6409246397542717,-0.8635891722680977,-0.7351747909631536
# Layer 1 Biases
-0.8002063520683387
-0.6557248488334874
-0.4611823945028136
0.42026855054722007
0.3521358532581965
0.6655942419465262
-0.20018534573352065
0.35686256865458865
-0.10940411736218153
-0.6013572788947324
-0.57676846360685
-0.04446745547039622
0.393159493763792
0.20992156398252063
-0.8473562758023296
-0.7111270001649606
-0.7303323898678838
-0.009207914240612054
0.40431366840035615
-0.5124558891430517
0.026465039021470304
-0.8566405998044009
0.8805065947375601
0.5804223342795096
0.9157798334791896
0.49731526235090057
-0.8591427312111447
0.5912086638139051
0.561061426630774
0.20934333077800607
1.0311925031001332
-0.9607761503769472
# Layer 2 Weights
0.9238125365751284,-0.7909717728410193,-0.9323693062012423,-1.166030642608241,-0.1144765327747429,0.412826889441036,0.2586963031662434,0.5555399846959744,0.7400766220823072,-0.7183231300323271,0.5268404114682993,-0.9377144627371519,0.41673410989376525,-0.9244993100534762,1.0060468103227298,-0.19423137820584274,0.7508101038752155,0.32895158722077666,0.6420689100712429,-0.7089420134781934,0.06448221152356517,-0.04738353516468118,-0.9773522773538529,-0.10896704309553762,0.7375175456079411,0.05492005717497367,-0.5654681426093443,0.17915379835886575,0.5999681167455293,0.17651016711788073,0.20210432073532797,-0.2688191520572881
# Layer 2 Biases
-0.06554858938708344
